,Entity,Code,Year,doc
50,Algeria,DZA,1960,0.17300000000000001
51,Algeria,DZA,1965,0.11599999999999999
52,Algeria,DZA,1970,0.12300000000000001
53,Algeria,DZA,1979,0.38
54,Algeria,DZA,1984,0.42700000000000005
55,Algeria,DZA,1988,0.429
56,Algeria,DZA,1990,0.9420000000000001
57,Algeria,DZA,1993,0.821
58,Algeria,DZA,1995,0.846
59,Algeria,DZA,1998,1.0
60,Algeria,DZA,2002,1.1059999999999999
61,Algeria,DZA,2005,1.021
62,Algeria,DZA,2007,1.192
63,Algeria,DZA,2010,1.207
97,Argentina,ARG,1960,1.351
98,Argentina,ARG,1965,1.6669999999999998
99,Argentina,ARG,1970,1.892
100,Argentina,ARG,1975,1.869
101,Argentina,ARG,1984,2.6830000000000003
102,Argentina,ARG,1985,2.705
103,Argentina,ARG,1986,2.984
104,Argentina,ARG,1988,3.032
105,Argentina,ARG,1990,2.68
106,Argentina,ARG,1992,2.639
107,Argentina,ARG,1995,2.68
108,Argentina,ARG,1998,3.002
109,Argentina,ARG,2001,3.2310000000000003
110,Argentina,ARG,2004,3.1660000000000004
111,Argentina,ARG,2005,3.21
112,Argentina,ARG,2010,3.21
113,Argentina,ARG,2013,3.907
146,Australia,AUS,1961,1.1
147,Australia,AUS,1966,1.2
148,Australia,AUS,1971,1.2
149,Australia,AUS,1976,1.5
150,Australia,AUS,1981,1.8
151,Australia,AUS,1984,1.8
152,Australia,AUS,1985,1.9
153,Australia,AUS,1986,2.0
154,Australia,AUS,1987,2.1
155,Australia,AUS,1988,2.1
156,Australia,AUS,1989,2.1
157,Australia,AUS,1990,2.2
158,Australia,AUS,1991,2.3
159,Australia,AUS,1992,2.4
160,Australia,AUS,1993,2.4
161,Australia,AUS,1994,2.4
162,Australia,AUS,1995,2.4
163,Australia,AUS,1996,2.513
164,Australia,AUS,1997,2.4
165,Australia,AUS,1998,2.4
166,Australia,AUS,1999,2.4
167,Australia,AUS,2000,2.5
168,Australia,AUS,2001,2.479
169,Australia,AUS,2002,2.5
170,Australia,AUS,2006,2.6719999999999997
171,Australia,AUS,2009,2.885
172,Australia,AUS,2011,3.287
173,Australia,AUS,2012,3.285
174,Australia,AUS,2013,3.3710000000000004
175,Australia,AUS,2014,3.44
176,Australia,AUS,2015,3.4960000000000004
177,Austria,AUT,1960,1.2
178,Austria,AUT,1961,1.4
179,Austria,AUT,1962,1.4
180,Austria,AUT,1963,1.4
181,Austria,AUT,1964,1.4
182,Austria,AUT,1965,1.4
183,Austria,AUT,1966,1.4
184,Austria,AUT,1967,1.4
185,Austria,AUT,1968,1.4
186,Austria,AUT,1969,1.4
187,Austria,AUT,1970,1.4
188,Austria,AUT,1971,1.4
189,Austria,AUT,1972,1.4
190,Austria,AUT,1973,1.4
191,Austria,AUT,1974,1.4
192,Austria,AUT,1975,1.5
193,Austria,AUT,1976,1.5
194,Austria,AUT,1977,1.5
195,Austria,AUT,1978,1.5
196,Austria,AUT,1979,1.6
197,Austria,AUT,1980,1.6
198,Austria,AUT,1981,1.7
199,Austria,AUT,1982,1.7
200,Austria,AUT,1983,1.8
201,Austria,AUT,1984,1.8
202,Austria,AUT,1985,1.9
203,Austria,AUT,1986,1.9
204,Austria,AUT,1987,2.0
205,Austria,AUT,1988,2.1
206,Austria,AUT,1989,2.2
207,Austria,AUT,1990,2.2
208,Austria,AUT,1991,2.3
209,Austria,AUT,1992,2.4
210,Austria,AUT,1993,2.5
211,Austria,AUT,1994,2.6
212,Austria,AUT,1995,2.7
213,Austria,AUT,1996,2.8
214,Austria,AUT,1997,2.9
215,Austria,AUT,1998,3.1
216,Austria,AUT,1999,3.1
217,Austria,AUT,2000,3.2
218,Austria,AUT,2001,3.3
219,Austria,AUT,2002,3.3
220,Austria,AUT,2003,3.378
221,Austria,AUT,2006,3.66
222,Austria,AUT,2007,3.7939999999999996
223,Austria,AUT,2010,4.779
224,Austria,AUT,2011,4.824
225,Austria,AUT,2012,4.881
226,Austria,AUT,2013,4.984
227,Austria,AUT,2014,5.064
228,Austria,AUT,2015,5.15
229,Austria,AUT,2016,5.23
291,Bangladesh,BGD,1965,0.12300000000000001
292,Bangladesh,BGD,1970,0.11900000000000001
293,Bangladesh,BGD,1980,0.12
294,Bangladesh,BGD,1985,0.154
295,Bangladesh,BGD,1986,0.14400000000000002
296,Bangladesh,BGD,1990,0.177
297,Bangladesh,BGD,1991,0.188
298,Bangladesh,BGD,1995,0.201
299,Bangladesh,BGD,1997,0.2
300,Bangladesh,BGD,2001,0.243
301,Bangladesh,BGD,2003,0.264
302,Bangladesh,BGD,2004,0.273
303,Bangladesh,BGD,2005,0.3
304,Bangladesh,BGD,2006,0.308
305,Bangladesh,BGD,2007,0.32
306,Bangladesh,BGD,2008,0.33299999999999996
307,Bangladesh,BGD,2009,0.345
308,Bangladesh,BGD,2010,0.354
309,Bangladesh,BGD,2011,0.374
310,Bangladesh,BGD,2012,0.389
311,Bangladesh,BGD,2014,0.475
312,Bangladesh,BGD,2015,0.47200000000000003
324,Belarus,BLR,1980,2.9619999999999997
325,Belarus,BLR,1985,3.3289999999999997
326,Belarus,BLR,1986,3.375
327,Belarus,BLR,1987,3.445
328,Belarus,BLR,1988,3.512
329,Belarus,BLR,1989,3.576
330,Belarus,BLR,1990,3.56
331,Belarus,BLR,1991,3.576
332,Belarus,BLR,1992,3.638
333,Belarus,BLR,1993,4.0760000000000005
334,Belarus,BLR,1994,4.1419999999999995
335,Belarus,BLR,1995,4.155
336,Belarus,BLR,1996,4.2860000000000005
337,Belarus,BLR,1997,4.365
338,Belarus,BLR,1998,4.431
339,Belarus,BLR,1999,4.551
340,Belarus,BLR,2000,4.579
341,Belarus,BLR,2001,4.497
342,Belarus,BLR,2002,4.526
343,Belarus,BLR,2003,4.55
344,Belarus,BLR,2004,4.622
345,Belarus,BLR,2005,4.68
346,Belarus,BLR,2006,4.78
347,Belarus,BLR,2007,4.869
348,Belarus,BLR,2008,4.98
349,Belarus,BLR,2009,3.702
350,Belarus,BLR,2010,3.511
351,Belarus,BLR,2011,3.7880000000000003
352,Belarus,BLR,2012,3.873
353,Belarus,BLR,2013,3.925
354,Belarus,BLR,2014,4.07
355,Belgium,BEL,1960,1.3
356,Belgium,BEL,1961,1.3
357,Belgium,BEL,1962,1.4
358,Belgium,BEL,1963,1.4
359,Belgium,BEL,1964,1.4
360,Belgium,BEL,1965,1.5
361,Belgium,BEL,1966,1.5
362,Belgium,BEL,1967,1.5
363,Belgium,BEL,1968,1.6
364,Belgium,BEL,1969,1.6
365,Belgium,BEL,1971,1.5
366,Belgium,BEL,1972,1.6
367,Belgium,BEL,1973,1.7
368,Belgium,BEL,1974,1.8
369,Belgium,BEL,1975,1.9
370,Belgium,BEL,1976,1.9
371,Belgium,BEL,1977,2.0
372,Belgium,BEL,1978,2.1
373,Belgium,BEL,1979,2.2
374,Belgium,BEL,1980,2.3
375,Belgium,BEL,1981,2.4
376,Belgium,BEL,1982,2.5
377,Belgium,BEL,1983,2.8
378,Belgium,BEL,1984,2.7
379,Belgium,BEL,1985,2.8
380,Belgium,BEL,1986,2.9
381,Belgium,BEL,1987,3.0
382,Belgium,BEL,1988,3.1
383,Belgium,BEL,1989,3.2
384,Belgium,BEL,1990,3.3
385,Belgium,BEL,1991,3.3
386,Belgium,BEL,1992,3.4
387,Belgium,BEL,1993,3.4
388,Belgium,BEL,1994,3.5
389,Belgium,BEL,1995,3.5
390,Belgium,BEL,1996,3.6
391,Belgium,BEL,1997,3.7
392,Belgium,BEL,1998,3.7
393,Belgium,BEL,1999,3.8
394,Belgium,BEL,2000,3.9
395,Belgium,BEL,2001,3.9
396,Belgium,BEL,2002,3.9
397,Belgium,BEL,2005,2.045
398,Belgium,BEL,2006,2.093
399,Belgium,BEL,2010,2.911
400,Belgium,BEL,2011,2.924
401,Belgium,BEL,2012,2.9410000000000003
402,Belgium,BEL,2013,2.9589999999999996
403,Belgium,BEL,2014,2.971
404,Belgium,BEL,2015,3.011
515,Brazil,BRA,1960,0.374
516,Brazil,BRA,1965,0.4
517,Brazil,BRA,1970,0.49200000000000005
518,Brazil,BRA,1975,0.624
519,Brazil,BRA,1981,0.767
520,Brazil,BRA,1984,0.927
521,Brazil,BRA,1985,1.4669999999999999
522,Brazil,BRA,1988,1.185
523,Brazil,BRA,1990,1.0759999999999998
524,Brazil,BRA,1991,0.998
525,Brazil,BRA,1992,1.1320000000000001
526,Brazil,BRA,1993,1.16
527,Brazil,BRA,1994,1.189
528,Brazil,BRA,1995,1.219
529,Brazil,BRA,1996,1.25
530,Brazil,BRA,1997,1.286
531,Brazil,BRA,1998,1.27
532,Brazil,BRA,1999,1.367
533,Brazil,BRA,2000,1.127
534,Brazil,BRA,2001,1.38
535,Brazil,BRA,2002,1.406
536,Brazil,BRA,2003,1.46
537,Brazil,BRA,2004,1.569
538,Brazil,BRA,2005,1.645
539,Brazil,BRA,2006,1.6780000000000002
540,Brazil,BRA,2007,1.7069999999999999
541,Brazil,BRA,2008,1.755
542,Brazil,BRA,2009,1.791
543,Brazil,BRA,2010,1.787
544,Brazil,BRA,2011,1.821
545,Brazil,BRA,2013,1.8519999999999999
546,Brunei,BRN,1960,0.146
547,Brunei,BRN,1970,0.3
548,Brunei,BRN,1980,0.435
549,Brunei,BRN,1981,0.48700000000000004
550,Brunei,BRN,1984,0.534
551,Brunei,BRN,1991,0.746
552,Brunei,BRN,1996,0.848
553,Brunei,BRN,2000,1.016
554,Brunei,BRN,2002,1.165
555,Brunei,BRN,2004,1.3019999999999998
556,Brunei,BRN,2005,1.078
557,Brunei,BRN,2006,1.084
558,Brunei,BRN,2007,1.05
559,Brunei,BRN,2008,1.4809999999999999
560,Brunei,BRN,2009,1.15
561,Brunei,BRN,2010,1.431
562,Brunei,BRN,2011,1.5219999999999998
563,Brunei,BRN,2012,1.47
564,Brunei,BRN,2015,1.746
637,Cambodia,KHM,1960,0.027999999999999997
638,Cambodia,KHM,1965,0.045
639,Cambodia,KHM,1970,0.062
640,Cambodia,KHM,1983,0.057999999999999996
641,Cambodia,KHM,1992,0.107
642,Cambodia,KHM,1993,0.10400000000000001
643,Cambodia,KHM,1994,0.105
644,Cambodia,KHM,1996,0.113
645,Cambodia,KHM,1998,0.147
646,Cambodia,KHM,1999,0.29600000000000004
647,Cambodia,KHM,2000,0.168
648,Cambodia,KHM,2008,0.244
649,Cambodia,KHM,2009,0.237
650,Cambodia,KHM,2010,0.22899999999999998
651,Cambodia,KHM,2011,0.226
652,Cambodia,KHM,2012,0.165
653,Cambodia,KHM,2013,0.168
654,Cambodia,KHM,2014,0.14300000000000002
670,Canada,CAN,1961,1.1
671,Canada,CAN,1962,1.2
672,Canada,CAN,1963,1.3
673,Canada,CAN,1964,1.3
674,Canada,CAN,1965,1.3
675,Canada,CAN,1966,1.3
676,Canada,CAN,1967,1.3
677,Canada,CAN,1968,1.3
678,Canada,CAN,1969,1.4
679,Canada,CAN,1970,1.4
680,Canada,CAN,1971,1.5
681,Canada,CAN,1972,1.6
682,Canada,CAN,1973,1.6
683,Canada,CAN,1974,1.6
684,Canada,CAN,1975,1.7
685,Canada,CAN,1976,1.7
686,Canada,CAN,1977,1.7
687,Canada,CAN,1978,1.8
688,Canada,CAN,1979,1.8
689,Canada,CAN,1980,1.8
690,Canada,CAN,1981,1.8
691,Canada,CAN,1982,1.9
692,Canada,CAN,1983,1.9
693,Canada,CAN,1984,1.9
694,Canada,CAN,1985,2.0
695,Canada,CAN,1986,2.0
696,Canada,CAN,1987,2.1
697,Canada,CAN,1988,2.1
698,Canada,CAN,1989,2.1
699,Canada,CAN,1990,2.1
700,Canada,CAN,1991,2.1
701,Canada,CAN,1992,2.1
702,Canada,CAN,1993,2.2
703,Canada,CAN,1994,2.1
704,Canada,CAN,1995,2.1
705,Canada,CAN,1996,2.1
706,Canada,CAN,1997,2.1
707,Canada,CAN,1998,1.8630000000000002
708,Canada,CAN,1999,2.1
709,Canada,CAN,2001,1.889
710,Canada,CAN,2002,1.899
711,Canada,CAN,2004,1.899
712,Canada,CAN,2006,1.911
713,Canada,CAN,2008,1.9609999999999999
714,Canada,CAN,2010,2.041
715,Canada,CAN,2013,2.4530000000000003
716,Canada,CAN,2014,2.497
717,Canada,CAN,2015,2.539
774,Chile,CHL,1960,0.5589999999999999
775,Chile,CHL,1965,0.473
776,Chile,CHL,1970,0.46299999999999997
777,Chile,CHL,1979,0.516
778,Chile,CHL,1984,0.8170000000000001
779,Chile,CHL,1990,1.1
780,Chile,CHL,1991,1.0659999999999998
781,Chile,CHL,1992,1.006
782,Chile,CHL,1994,1.103
783,Chile,CHL,1995,1.08
784,Chile,CHL,1998,1.153
785,Chile,CHL,2002,0.9
786,Chile,CHL,2003,0.9540000000000001
787,Chile,CHL,2004,0.991
788,Chile,CHL,2005,0.986
789,Chile,CHL,2006,1.045
790,Chile,CHL,2007,1.041
791,Chile,CHL,2008,1.043
792,Chile,CHL,2009,1.033
793,China,CHN,1965,1.07
794,China,CHN,1966,0.96
795,China,CHN,1967,0.94
796,China,CHN,1968,0.91
797,China,CHN,1969,0.88
798,China,CHN,1970,0.86
799,China,CHN,1971,0.85
800,China,CHN,1972,0.86
801,China,CHN,1973,0.89
802,China,CHN,1974,0.92
803,China,CHN,1975,0.96
804,China,CHN,1976,1.0
805,China,CHN,1977,1.03
806,China,CHN,1978,1.08
807,China,CHN,1979,1.12
808,China,CHN,1980,1.18
809,China,CHN,1981,1.25
810,China,CHN,1982,1.3
811,China,CHN,1983,1.32
812,China,CHN,1984,1.33
813,China,CHN,1985,1.34
814,China,CHN,1986,1.35
815,China,CHN,1987,1.37
816,China,CHN,1988,1.47
817,China,CHN,1989,1.54
818,China,CHN,1990,1.123
819,China,CHN,1991,1.55
820,China,CHN,1992,1.55
821,China,CHN,1993,1.55
822,China,CHN,1994,1.58
823,China,CHN,1995,1.179
824,China,CHN,1996,1.185
825,China,CHN,1997,1.2
826,China,CHN,1998,1.199
827,China,CHN,1999,1.23
828,China,CHN,2000,1.255
829,China,CHN,2001,1.055
830,China,CHN,2002,1.133
831,China,CHN,2009,1.421
832,China,CHN,2010,1.462
833,China,CHN,2011,1.5
834,China,CHN,2012,1.569
835,China,CHN,2013,1.6680000000000001
836,China,CHN,2014,1.724
837,China,CHN,2015,1.8119999999999998
838,Colombia,COL,1960,0.354
839,Colombia,COL,1965,0.377
840,Colombia,COL,1970,0.42
841,Colombia,COL,1977,0.478
842,Colombia,COL,1984,0.758
843,Colombia,COL,1986,0.8079999999999999
844,Colombia,COL,1988,0.873
845,Colombia,COL,1990,0.98
846,Colombia,COL,1991,1.026
847,Colombia,COL,1992,1.07
848,Colombia,COL,1993,1.112
849,Colombia,COL,1994,1.14
850,Colombia,COL,1996,1.199
851,Colombia,COL,1997,1.2329999999999999
852,Colombia,COL,1998,1.268
853,Colombia,COL,1999,1.3
854,Colombia,COL,2002,1.413
855,Colombia,COL,2005,1.4509999999999998
856,Colombia,COL,2006,1.474
857,Colombia,COL,2007,1.4969999999999999
858,Colombia,COL,2008,1.521
859,Colombia,COL,2009,1.544
860,Colombia,COL,2010,1.568
861,Colombia,COL,2011,1.669
862,Colombia,COL,2012,1.713
863,Colombia,COL,2013,1.766
864,Colombia,COL,2014,1.821
885,Costa Rica,CRI,1960,0.391
886,Costa Rica,CRI,1965,0.517
887,Costa Rica,CRI,1970,0.614
888,Costa Rica,CRI,1979,0.679
889,Costa Rica,CRI,1984,0.99
890,Costa Rica,CRI,1987,0.968
891,Costa Rica,CRI,1988,0.8809999999999999
892,Costa Rica,CRI,1990,1.26
893,Costa Rica,CRI,1993,0.883
894,Costa Rica,CRI,1994,0.845
895,Costa Rica,CRI,1995,0.8540000000000001
896,Costa Rica,CRI,1996,0.8640000000000001
897,Costa Rica,CRI,1997,0.872
898,Costa Rica,CRI,1998,0.9009999999999999
899,Costa Rica,CRI,1999,1.719
900,Costa Rica,CRI,2000,1.3259999999999998
901,Costa Rica,CRI,2013,1.15
912,Croatia,HRV,1980,1.673
913,Croatia,HRV,1981,1.7380000000000002
914,Croatia,HRV,1982,1.808
915,Croatia,HRV,1983,1.858
916,Croatia,HRV,1984,1.88
917,Croatia,HRV,1985,1.944
918,Croatia,HRV,1986,2.016
919,Croatia,HRV,1987,2.066
920,Croatia,HRV,1988,2.093
921,Croatia,HRV,1989,2.134
922,Croatia,HRV,1990,2.125
923,Croatia,HRV,1991,1.954
924,Croatia,HRV,1992,1.996
925,Croatia,HRV,1993,1.976
926,Croatia,HRV,1994,1.962
927,Croatia,HRV,1995,1.969
928,Croatia,HRV,1996,2.06
929,Croatia,HRV,1997,2.055
930,Croatia,HRV,1998,1.915
931,Croatia,HRV,1999,1.806
932,Croatia,HRV,2000,2.383
933,Croatia,HRV,2001,2.374
934,Croatia,HRV,2002,2.4
935,Croatia,HRV,2003,2.444
936,Croatia,HRV,2004,2.4
937,Croatia,HRV,2005,2.5
938,Croatia,HRV,2006,2.47
939,Croatia,HRV,2007,2.59
940,Croatia,HRV,2008,2.661
941,Croatia,HRV,2010,2.8510000000000004
942,Croatia,HRV,2011,2.903
943,Croatia,HRV,2012,2.9789999999999996
944,Croatia,HRV,2013,3.0210000000000004
945,Croatia,HRV,2014,3.1260000000000003
995,Czech Republic,CZE,1970,1.8
996,Czech Republic,CZE,1971,1.9
997,Czech Republic,CZE,1972,1.9
998,Czech Republic,CZE,1973,1.9
999,Czech Republic,CZE,1974,2.0
1000,Czech Republic,CZE,1975,2.0
1001,Czech Republic,CZE,1976,2.1
1002,Czech Republic,CZE,1977,2.1
1003,Czech Republic,CZE,1978,2.1
1004,Czech Republic,CZE,1979,2.2
1005,Czech Republic,CZE,1980,2.3
1006,Czech Republic,CZE,1981,2.3
1007,Czech Republic,CZE,1982,2.4
1008,Czech Republic,CZE,1983,2.5
1009,Czech Republic,CZE,1984,2.5
1010,Czech Republic,CZE,1985,2.6
1011,Czech Republic,CZE,1986,2.6
1012,Czech Republic,CZE,1987,2.6
1013,Czech Republic,CZE,1988,2.7
1014,Czech Republic,CZE,1989,2.7
1015,Czech Republic,CZE,1990,2.7
1016,Czech Republic,CZE,1991,2.7
1017,Czech Republic,CZE,1992,2.7
1018,Czech Republic,CZE,1993,2.9
1019,Czech Republic,CZE,1994,2.9
1020,Czech Republic,CZE,1995,3.0
1021,Czech Republic,CZE,1996,3.0
1022,Czech Republic,CZE,1997,3.1
1023,Czech Republic,CZE,1998,3.0
1024,Czech Republic,CZE,1999,3.1
1025,Czech Republic,CZE,2000,3.4
1026,Czech Republic,CZE,2001,3.4
1027,Czech Republic,CZE,2002,3.5
1028,Czech Republic,CZE,2003,3.513
1029,Czech Republic,CZE,2006,3.58
1030,Czech Republic,CZE,2007,3.61
1031,Czech Republic,CZE,2008,3.625
1032,Czech Republic,CZE,2010,3.585
1033,Czech Republic,CZE,2011,3.6239999999999997
1034,Czech Republic,CZE,2012,3.6630000000000003
1035,Czech Republic,CZE,2013,3.677
1046,Denmark,DNK,1980,1.8
1047,Denmark,DNK,1981,1.8
1048,Denmark,DNK,1982,2.0
1049,Denmark,DNK,1983,2.1
1050,Denmark,DNK,1984,2.3
1051,Denmark,DNK,1985,2.3
1052,Denmark,DNK,1986,2.3
1053,Denmark,DNK,1987,2.3
1054,Denmark,DNK,1988,2.4
1055,Denmark,DNK,1989,2.5
1056,Denmark,DNK,1990,2.5
1057,Denmark,DNK,1991,2.4
1058,Denmark,DNK,1992,2.6
1059,Denmark,DNK,1993,2.6
1060,Denmark,DNK,1994,2.898
1061,Denmark,DNK,1995,2.903
1062,Denmark,DNK,1996,2.6
1063,Denmark,DNK,1997,2.9160000000000004
1064,Denmark,DNK,1998,2.8
1065,Denmark,DNK,2001,3.66
1066,Denmark,DNK,2002,2.925
1067,Denmark,DNK,2003,3.0010000000000003
1068,Denmark,DNK,2004,3.045
1069,Denmark,DNK,2005,3.202
1070,Denmark,DNK,2006,3.1630000000000003
1071,Denmark,DNK,2007,3.4189999999999996
1072,Denmark,DNK,2008,3.395
1073,Denmark,DNK,2009,3.403
1074,Denmark,DNK,2010,3.582
1075,Denmark,DNK,2011,3.622
1076,Denmark,DNK,2012,3.6519999999999997
1077,Denmark,DNK,2013,3.648
1078,Denmark,DNK,2014,3.655
1125,Ecuador,ECU,1960,0.396
1126,Ecuador,ECU,1965,0.335
1127,Ecuador,ECU,1970,0.348
1128,Ecuador,ECU,1975,0.35100000000000003
1129,Ecuador,ECU,1977,0.637
1130,Ecuador,ECU,1984,1.244
1131,Ecuador,ECU,1990,0.958
1132,Ecuador,ECU,1991,1.167
1133,Ecuador,ECU,1992,1.2009999999999998
1134,Ecuador,ECU,1993,1.109
1135,Ecuador,ECU,1994,1.275
1136,Ecuador,ECU,1995,1.247
1137,Ecuador,ECU,1996,1.317
1138,Ecuador,ECU,1997,1.33
1139,Ecuador,ECU,1998,1.317
1140,Ecuador,ECU,1999,1.3769999999999998
1141,Ecuador,ECU,2000,1.452
1142,Ecuador,ECU,2001,1.551
1143,Ecuador,ECU,2002,1.575
1144,Ecuador,ECU,2003,1.506
1145,Ecuador,ECU,2009,1.607
1146,Ecuador,ECU,2010,1.6869999999999998
1147,Ecuador,ECU,2011,1.665
1148,Egypt,EGY,1960,0.391
1149,Egypt,EGY,1965,0.435
1150,Egypt,EGY,1970,0.527
1151,Egypt,EGY,1975,0.536
1152,Egypt,EGY,1980,1.065
1153,Egypt,EGY,1981,1.364
1154,Egypt,EGY,1982,1.365
1155,Egypt,EGY,1986,1.304
1156,Egypt,EGY,1990,0.76
1157,Egypt,EGY,1994,1.84
1158,Egypt,EGY,1996,2.02
1159,Egypt,EGY,1997,1.6
1160,Egypt,EGY,2000,2.1180000000000003
1161,Egypt,EGY,2003,0.5329999999999999
1162,Egypt,EGY,2005,2.401
1163,Egypt,EGY,2007,2.6039999999999996
1164,Egypt,EGY,2009,2.804
1165,Egypt,EGY,2010,2.83
1166,Egypt,EGY,2014,0.8140000000000001
1194,Estonia,EST,1980,2.938
1195,Estonia,EST,1985,3.35
1196,Estonia,EST,1986,3.408
1197,Estonia,EST,1987,3.484
1198,Estonia,EST,1988,3.485
1199,Estonia,EST,1989,3.49
1200,Estonia,EST,1990,3.5039999999999996
1201,Estonia,EST,1991,3.536
1202,Estonia,EST,1992,3.264
1203,Estonia,EST,1993,3.207
1204,Estonia,EST,1994,3.2
1205,Estonia,EST,1995,3.1910000000000003
1206,Estonia,EST,1996,3.148
1207,Estonia,EST,1997,3.114
1208,Estonia,EST,1998,3.11
1209,Estonia,EST,1999,3.2060000000000004
1210,Estonia,EST,2000,4.373
1211,Estonia,EST,2001,3.16
1212,Estonia,EST,2006,3.33
1213,Estonia,EST,2008,3.409
1214,Estonia,EST,2010,3.242
1215,Estonia,EST,2011,3.292
1216,Estonia,EST,2012,3.28
1217,Estonia,EST,2013,3.2769999999999997
1218,Estonia,EST,2014,3.3160000000000003
1219,Estonia,EST,2015,3.43
1275,Finland,FIN,1990,2.0
1276,Finland,FIN,1991,2.0
1277,Finland,FIN,1992,2.1
1278,Finland,FIN,1993,2.1
1279,Finland,FIN,1994,2.2
1280,Finland,FIN,1995,2.2
1281,Finland,FIN,1996,2.3
1282,Finland,FIN,1997,2.4
1283,Finland,FIN,1998,2.4
1284,Finland,FIN,1999,2.5
1285,Finland,FIN,2000,2.6
1286,Finland,FIN,2001,2.6
1287,Finland,FIN,2002,3.162
1288,Finland,FIN,2003,2.6
1289,Finland,FIN,2006,3.3
1290,Finland,FIN,2007,3.319
1291,Finland,FIN,2008,2.735
1292,Finland,FIN,2009,2.8810000000000002
1293,Finland,FIN,2010,2.986
1294,Finland,FIN,2011,2.9819999999999998
1295,Finland,FIN,2012,3.063
1296,Finland,FIN,2013,3.139
1297,Finland,FIN,2014,3.196
1301,France,FRA,1970,1.2
1302,France,FRA,1971,1.3
1303,France,FRA,1972,1.3
1304,France,FRA,1973,1.4
1305,France,FRA,1974,1.4
1306,France,FRA,1975,1.5
1307,France,FRA,1976,1.5
1308,France,FRA,1977,1.6
1309,France,FRA,1978,1.7
1310,France,FRA,1979,1.8
1311,France,FRA,1980,1.9
1312,France,FRA,1981,2.0
1313,France,FRA,1982,2.1
1314,France,FRA,1983,2.1
1315,France,FRA,1984,2.5
1316,France,FRA,1985,2.7
1317,France,FRA,1986,2.8
1318,France,FRA,1987,2.8
1319,France,FRA,1988,2.9
1320,France,FRA,1989,3.0
1321,France,FRA,1990,3.1
1322,France,FRA,1991,3.0669999999999997
1323,France,FRA,1996,3.225
1324,France,FRA,2007,3.674
1325,France,FRA,2011,3.16
1326,France,FRA,2012,3.175
1327,France,FRA,2013,3.187
1328,France,FRA,2014,3.215
1329,France,FRA,2015,3.227
1330,France,FRA,2016,3.238
1346,Gambia,GMB,1960,0.043
1347,Gambia,GMB,1970,0.040999999999999995
1348,Gambia,GMB,1975,0.04
1349,Gambia,GMB,1985,0.081
1350,Gambia,GMB,1993,0.016
1351,Gambia,GMB,1997,0.035
1352,Gambia,GMB,2003,0.11599999999999999
1353,Gambia,GMB,2004,0.11900000000000001
1354,Gambia,GMB,2005,0.115
1355,Gambia,GMB,2006,0.11800000000000001
1356,Gambia,GMB,2007,0.10300000000000001
1357,Gambia,GMB,2008,0.11
1358,Gambia,GMB,2010,0.038
1359,Gambia,GMB,2015,0.107
1360,Georgia,GEO,1970,3.2
1361,Georgia,GEO,1971,3.3
1362,Georgia,GEO,1972,3.32
1363,Georgia,GEO,1973,3.4
1364,Georgia,GEO,1974,3.475
1365,Georgia,GEO,1975,3.63
1366,Georgia,GEO,1976,3.72
1367,Georgia,GEO,1977,3.81
1368,Georgia,GEO,1978,3.95
1369,Georgia,GEO,1979,4.0
1370,Georgia,GEO,1980,4.123
1371,Georgia,GEO,1981,4.212
1372,Georgia,GEO,1982,4.319
1373,Georgia,GEO,1983,4.333
1374,Georgia,GEO,1984,4.471
1375,Georgia,GEO,1985,4.611000000000001
1376,Georgia,GEO,1986,4.699
1377,Georgia,GEO,1987,4.808
1378,Georgia,GEO,1988,4.868
1379,Georgia,GEO,1989,4.971
1380,Georgia,GEO,1990,4.926
1381,Georgia,GEO,1991,4.898
1382,Georgia,GEO,1992,4.726
1383,Georgia,GEO,1993,5.003
1384,Georgia,GEO,1994,4.899
1385,Georgia,GEO,1995,4.792
1386,Georgia,GEO,1996,4.457
1387,Georgia,GEO,1997,5.192
1388,Georgia,GEO,1998,5.042
1389,Georgia,GEO,1999,3.7680000000000002
1390,Georgia,GEO,2000,4.731
1391,Georgia,GEO,2001,4.295
1392,Georgia,GEO,2002,3.907
1393,Georgia,GEO,2003,4.0889999999999995
1394,Georgia,GEO,2006,4.65
1395,Georgia,GEO,2007,4.538
1396,Georgia,GEO,2008,4.663
1397,Georgia,GEO,2009,4.794
1398,Georgia,GEO,2010,4.289
1399,Georgia,GEO,2011,4.377
1400,Georgia,GEO,2012,4.406000000000001
1401,Georgia,GEO,2013,4.477
1402,Georgia,GEO,2014,4.776
1403,Germany,DEU,1991,2.8
1404,Germany,DEU,1992,2.8
1405,Germany,DEU,1993,2.9
1406,Germany,DEU,1994,3.0
1407,Germany,DEU,1995,3.1
1408,Germany,DEU,1996,3.1
1409,Germany,DEU,1997,3.1
1410,Germany,DEU,1998,3.2
1411,Germany,DEU,1999,3.2
1412,Germany,DEU,2000,3.3
1413,Germany,DEU,2001,3.3
1414,Germany,DEU,2002,3.3
1415,Germany,DEU,2003,3.3689999999999998
1416,Germany,DEU,2006,3.44
1417,Germany,DEU,2007,3.483
1418,Germany,DEU,2008,3.531
1419,Germany,DEU,2010,3.775
1420,Germany,DEU,2011,3.87
1421,Germany,DEU,2012,3.944
1422,Germany,DEU,2013,4.039
1423,Germany,DEU,2014,4.125
1424,Germany,DEU,2015,4.191
1425,Ghana,GHA,1960,0.047
1426,Ghana,GHA,1965,0.073
1427,Ghana,GHA,1970,0.078
1428,Ghana,GHA,1975,0.078
1429,Ghana,GHA,1984,0.067
1430,Ghana,GHA,1987,0.049
1431,Ghana,GHA,1989,0.043
1432,Ghana,GHA,1996,0.062
1433,Ghana,GHA,2002,0.09
1434,Ghana,GHA,2004,0.155
1435,Ghana,GHA,2007,0.07400000000000001
1436,Ghana,GHA,2008,0.11199999999999999
1437,Ghana,GHA,2009,0.086
1438,Ghana,GHA,2010,0.096
1439,Greece,GRC,1960,1.3
1440,Greece,GRC,1961,1.2
1441,Greece,GRC,1962,1.3
1442,Greece,GRC,1963,1.3
1443,Greece,GRC,1964,1.4
1444,Greece,GRC,1965,1.4
1445,Greece,GRC,1966,1.4
1446,Greece,GRC,1967,1.5
1447,Greece,GRC,1968,1.5
1448,Greece,GRC,1969,1.6
1449,Greece,GRC,1970,1.6
1450,Greece,GRC,1971,1.7
1451,Greece,GRC,1972,1.7
1452,Greece,GRC,1973,1.9
1453,Greece,GRC,1974,2.0
1454,Greece,GRC,1975,2.0
1455,Greece,GRC,1976,2.1
1456,Greece,GRC,1977,2.2
1457,Greece,GRC,1978,2.3
1458,Greece,GRC,1979,2.3
1459,Greece,GRC,1980,2.4
1460,Greece,GRC,1981,2.5
1461,Greece,GRC,1982,2.6
1462,Greece,GRC,1983,2.8
1463,Greece,GRC,1984,2.9
1464,Greece,GRC,1985,2.9
1465,Greece,GRC,1986,3.1
1466,Greece,GRC,1987,3.3
1467,Greece,GRC,1988,3.2
1468,Greece,GRC,1989,3.3
1469,Greece,GRC,1990,3.4
1470,Greece,GRC,1991,3.6
1471,Greece,GRC,1992,3.7
1472,Greece,GRC,1993,3.8
1473,Greece,GRC,1994,3.8
1474,Greece,GRC,1995,3.9
1475,Greece,GRC,1996,3.9
1476,Greece,GRC,1997,4.0
1477,Greece,GRC,1998,4.1
1478,Greece,GRC,1999,4.2
1479,Greece,GRC,2000,4.3
1480,Greece,GRC,2001,4.38
1481,Greece,GRC,2005,5.0
1482,Greece,GRC,2006,5.35
1483,Greece,GRC,2008,6.042999999999999
1484,Greece,GRC,2010,6.197
1485,Greece,GRC,2011,6.226
1486,Greece,GRC,2012,6.23
1487,Greece,GRC,2013,6.231
1488,Greece,GRC,2014,6.255
1588,Hong Kong,HKG,1960,0.327
1589,Hong Kong,HKG,1965,0.396
1590,Hong Kong,HKG,1970,0.6629999999999999
1591,Hong Kong,HKG,1975,0.672
1592,Hong Kong,HKG,1980,0.826
1593,Hong Kong,HKG,1986,0.932
1594,Hong Kong,HKG,1993,1.204
1595,Hong Kong,HKG,1994,1.271
1596,Hong Kong,HKG,1995,1.319
1597,Hungary,HUN,1960,1.5
1598,Hungary,HUN,1961,1.6
1599,Hungary,HUN,1962,1.7
1600,Hungary,HUN,1963,1.7
1601,Hungary,HUN,1964,1.8
1602,Hungary,HUN,1965,1.9
1603,Hungary,HUN,1966,1.9
1604,Hungary,HUN,1967,2.0
1605,Hungary,HUN,1968,1.9
1606,Hungary,HUN,1969,2.0
1607,Hungary,HUN,1970,2.0
1608,Hungary,HUN,1971,2.1
1609,Hungary,HUN,1972,2.1
1610,Hungary,HUN,1973,2.2
1611,Hungary,HUN,1974,2.2
1612,Hungary,HUN,1975,2.2
1613,Hungary,HUN,1976,2.3
1614,Hungary,HUN,1977,2.3
1615,Hungary,HUN,1978,2.4
1616,Hungary,HUN,1979,2.5
1617,Hungary,HUN,1980,2.3
1618,Hungary,HUN,1981,2.3
1619,Hungary,HUN,1982,2.4
1620,Hungary,HUN,1983,2.4
1621,Hungary,HUN,1984,2.5
1622,Hungary,HUN,1985,2.5
1623,Hungary,HUN,1986,2.6
1624,Hungary,HUN,1987,2.7
1625,Hungary,HUN,1988,2.7
1626,Hungary,HUN,1989,2.7
1627,Hungary,HUN,1990,3.1660000000000004
1628,Hungary,HUN,1991,3.265
1629,Hungary,HUN,1992,3.333
1630,Hungary,HUN,1993,3.29
1631,Hungary,HUN,1994,3.342
1632,Hungary,HUN,1995,3.346
1633,Hungary,HUN,1996,3.389
1634,Hungary,HUN,1997,3.4410000000000003
1635,Hungary,HUN,1998,3.515
1636,Hungary,HUN,1999,3.549
1637,Hungary,HUN,2002,3.668
1638,Hungary,HUN,2003,3.7710000000000004
1639,Hungary,HUN,2004,3.843
1640,Hungary,HUN,2005,3.225
1641,Hungary,HUN,2006,3.5
1642,Hungary,HUN,2007,3.2
1643,Hungary,HUN,2008,3.591
1644,Hungary,HUN,2009,3.5069999999999997
1645,Hungary,HUN,2010,2.864
1646,Hungary,HUN,2011,2.9530000000000003
1647,Hungary,HUN,2012,3.077
1648,Hungary,HUN,2013,3.199
1649,Hungary,HUN,2014,3.3160000000000003
1650,Hungary,HUN,2015,3.093
1666,Iceland,ISL,1960,1.2
1667,Iceland,ISL,1961,1.2
1668,Iceland,ISL,1962,1.2
1669,Iceland,ISL,1963,1.2
1670,Iceland,ISL,1964,1.2
1671,Iceland,ISL,1965,1.2
1672,Iceland,ISL,1966,1.2
1673,Iceland,ISL,1967,1.2
1674,Iceland,ISL,1968,1.3
1675,Iceland,ISL,1969,1.3
1676,Iceland,ISL,1970,1.4
1677,Iceland,ISL,1971,1.5
1678,Iceland,ISL,1972,1.6
1679,Iceland,ISL,1973,1.6
1680,Iceland,ISL,1974,1.7
1681,Iceland,ISL,1975,1.8
1682,Iceland,ISL,1976,1.9
1683,Iceland,ISL,1977,1.9
1684,Iceland,ISL,1978,2.0
1685,Iceland,ISL,1979,2.0
1686,Iceland,ISL,1980,2.1
1687,Iceland,ISL,1981,2.2
1688,Iceland,ISL,1982,2.3
1689,Iceland,ISL,1983,2.3
1690,Iceland,ISL,1984,2.4
1691,Iceland,ISL,1985,2.6
1692,Iceland,ISL,1986,2.6
1693,Iceland,ISL,1987,2.7
1694,Iceland,ISL,1988,2.7
1695,Iceland,ISL,1989,2.8
1696,Iceland,ISL,1990,2.8
1697,Iceland,ISL,1991,2.8
1698,Iceland,ISL,1992,3.0
1699,Iceland,ISL,1993,3.0
1700,Iceland,ISL,1994,3.0
1701,Iceland,ISL,1995,3.0
1702,Iceland,ISL,1996,3.1
1703,Iceland,ISL,1997,3.3
1704,Iceland,ISL,1998,3.3
1705,Iceland,ISL,1999,3.4
1706,Iceland,ISL,2000,3.4419999999999997
1707,Iceland,ISL,2001,3.485
1708,Iceland,ISL,2002,3.5869999999999997
1709,Iceland,ISL,2003,3.613
1710,Iceland,ISL,2004,3.603
1711,Iceland,ISL,2005,3.6060000000000003
1712,Iceland,ISL,2006,3.633
1713,Iceland,ISL,2007,3.69
1714,Iceland,ISL,2008,3.735
1715,Iceland,ISL,2009,3.713
1716,Iceland,ISL,2010,3.591
1717,Iceland,ISL,2011,3.483
1718,Iceland,ISL,2012,3.531
1719,Iceland,ISL,2013,3.59
1720,Iceland,ISL,2014,3.645
1721,Iceland,ISL,2015,3.7910000000000004
1722,India,IND,1960,0.21
1723,India,IND,1965,0.205
1724,India,IND,1970,0.205
1725,India,IND,1975,0.204
1726,India,IND,1980,0.371
1727,India,IND,1981,0.27
1728,India,IND,1984,0.396
1729,India,IND,1988,0.40700000000000003
1730,India,IND,1991,1.225
1731,India,IND,1992,0.48
1732,India,IND,1993,0.40700000000000003
1733,India,IND,1998,0.513
1734,India,IND,2000,0.527
1735,India,IND,2001,0.5379999999999999
1736,India,IND,2002,0.557
1737,India,IND,2003,0.564
1738,India,IND,2004,0.573
1739,India,IND,2005,0.5770000000000001
1740,India,IND,2006,0.5870000000000001
1741,India,IND,2007,0.6
1742,India,IND,2008,0.615
1743,India,IND,2009,0.624
1744,India,IND,2010,0.6629999999999999
1745,India,IND,2011,0.7390000000000001
1746,India,IND,2012,0.6990000000000001
1747,India,IND,2014,0.725
1748,India,IND,2016,0.758
1749,Indonesia,IDN,1960,0.021
1750,Indonesia,IDN,1965,0.032
1751,Indonesia,IDN,1970,0.037000000000000005
1752,Indonesia,IDN,1975,0.037000000000000005
1753,Indonesia,IDN,1979,0.085
1754,Indonesia,IDN,1981,0.08
1755,Indonesia,IDN,1983,0.106
1756,Indonesia,IDN,1989,0.142
1757,Indonesia,IDN,1990,0.14400000000000002
1758,Indonesia,IDN,1991,0.14800000000000002
1759,Indonesia,IDN,1993,0.057999999999999996
1760,Indonesia,IDN,1994,0.16
1761,Indonesia,IDN,2000,0.162
1762,Indonesia,IDN,2003,0.134
1763,Indonesia,IDN,2006,0.13
1764,Indonesia,IDN,2007,0.28800000000000003
1765,Indonesia,IDN,2009,0.145
1766,Indonesia,IDN,2010,0.14
1767,Indonesia,IDN,2012,0.201
1768,Iran,IRN,1960,0.244
1769,Iran,IRN,1965,0.257
1770,Iran,IRN,1970,0.306
1771,Iran,IRN,1981,0.33799999999999997
1772,Iran,IRN,1986,0.34700000000000003
1773,Iran,IRN,1987,0.376
1774,Iran,IRN,1988,0.318
1775,Iran,IRN,1993,0.318
1776,Iran,IRN,1996,0.85
1777,Iran,IRN,1998,1.0490000000000002
1778,Iran,IRN,2004,0.877
1779,Iran,IRN,2005,0.882
1780,Iran,IRN,2010,0.89
1781,Iran,IRN,2014,1.4909999999999999
1798,Ireland,IRL,1992,2.0
1799,Ireland,IRL,1993,2.0
1800,Ireland,IRL,1994,2.0
1801,Ireland,IRL,1995,2.1
1802,Ireland,IRL,1996,2.1
1803,Ireland,IRL,1997,2.1
1804,Ireland,IRL,1998,2.2
1805,Ireland,IRL,1999,2.3
1806,Ireland,IRL,2000,2.2
1807,Ireland,IRL,2001,2.4
1808,Ireland,IRL,2002,2.4
1809,Ireland,IRL,2003,2.6
1810,Ireland,IRL,2004,2.786
1811,Ireland,IRL,2006,2.94
1812,Ireland,IRL,2007,3.08
1813,Ireland,IRL,2008,3.187
1814,Ireland,IRL,2011,2.625
1815,Ireland,IRL,2012,2.667
1816,Ireland,IRL,2013,2.647
1817,Ireland,IRL,2014,2.7769999999999997
1818,Ireland,IRL,2015,2.8680000000000003
1819,Ireland,IRL,2016,2.9610000000000003
1827,Israel,ISR,1960,2.472
1828,Israel,ISR,1965,2.5
1829,Israel,ISR,1970,2.8810000000000002
1830,Israel,ISR,1971,2.9739999999999998
1831,Israel,ISR,1972,3.156
1832,Israel,ISR,1973,3.304
1833,Israel,ISR,1979,2.694
1834,Israel,ISR,1980,3.094
1835,Israel,ISR,1981,3.167
1836,Israel,ISR,1982,3.214
1837,Israel,ISR,1983,3.323
1838,Israel,ISR,1984,3.353
1839,Israel,ISR,1985,3.215
1840,Israel,ISR,1986,3.2
1841,Israel,ISR,1987,3.207
1842,Israel,ISR,1988,3.21
1843,Israel,ISR,1989,3.195
1844,Israel,ISR,1990,3.207
1845,Israel,ISR,1991,3.303
1846,Israel,ISR,1992,3.657
1847,Israel,ISR,1993,3.696
1848,Israel,ISR,1994,3.7310000000000003
1849,Israel,ISR,1995,4.857
1850,Israel,ISR,1996,3.766
1851,Israel,ISR,1997,3.793
1852,Israel,ISR,1998,3.775
1853,Israel,ISR,1999,3.915
1854,Israel,ISR,2000,3.766
1855,Israel,ISR,2001,3.91
1856,Israel,ISR,2003,3.82
1857,Israel,ISR,2006,3.67
1858,Israel,ISR,2007,3.633
1859,Israel,ISR,2010,3.4139999999999997
1860,Israel,ISR,2011,3.345
1861,Israel,ISR,2012,3.344
1862,Israel,ISR,2013,3.5389999999999997
1863,Israel,ISR,2014,3.6189999999999998
1864,Israel,ISR,2015,3.576
1865,Italy,ITA,1993,3.8
1866,Italy,ITA,1994,3.7
1867,Italy,ITA,1995,3.9
1868,Italy,ITA,1996,4.1
1869,Italy,ITA,1997,4.0
1870,Italy,ITA,1998,4.1
1871,Italy,ITA,1999,4.2
1872,Italy,ITA,2000,4.2
1873,Italy,ITA,2001,4.4
1874,Italy,ITA,2002,4.4
1875,Italy,ITA,2003,4.1
1876,Italy,ITA,2004,4.203
1877,Italy,ITA,2006,3.7
1878,Italy,ITA,2008,4.242
1879,Italy,ITA,2009,3.802
1880,Italy,ITA,2012,3.861
1881,Italy,ITA,2013,3.93
1882,Italy,ITA,2014,3.945
1883,Italy,ITA,2015,3.898
1884,Italy,ITA,2016,4.021
1903,Japan,JPN,1960,1.0
1904,Japan,JPN,1961,1.0
1905,Japan,JPN,1962,1.0
1906,Japan,JPN,1963,1.0
1907,Japan,JPN,1964,1.0
1908,Japan,JPN,1965,1.0
1909,Japan,JPN,1966,1.0
1910,Japan,JPN,1967,1.0
1911,Japan,JPN,1968,1.0
1912,Japan,JPN,1969,1.1
1913,Japan,JPN,1970,1.1
1914,Japan,JPN,1971,1.1
1915,Japan,JPN,1972,1.1
1916,Japan,JPN,1973,1.1
1917,Japan,JPN,1974,1.1
1918,Japan,JPN,1975,1.1
1919,Japan,JPN,1976,1.1
1920,Japan,JPN,1977,1.2
1921,Japan,JPN,1978,1.2
1922,Japan,JPN,1979,1.2
1923,Japan,JPN,1980,1.3
1924,Japan,JPN,1981,1.3
1925,Japan,JPN,1982,1.4
1926,Japan,JPN,1984,1.4
1927,Japan,JPN,1985,1.5
1928,Japan,JPN,1986,1.5
1929,Japan,JPN,1988,1.6
1930,Japan,JPN,1990,1.733
1931,Japan,JPN,1992,1.784
1932,Japan,JPN,1994,1.858
1933,Japan,JPN,1996,1.93
1934,Japan,JPN,1998,1.985
1935,Japan,JPN,2000,2.035
1936,Japan,JPN,2002,2.081
1937,Japan,JPN,2004,2.133
1938,Japan,JPN,2006,2.186
1939,Japan,JPN,2008,2.252
1940,Japan,JPN,2010,2.227
1941,Japan,JPN,2012,2.2969999999999997
1942,Japan,JPN,2014,2.367
1943,Jordan,JOR,1960,0.34600000000000003
1944,Jordan,JOR,1965,0.37
1945,Jordan,JOR,1970,0.40399999999999997
1946,Jordan,JOR,1975,0.37799999999999995
1947,Jordan,JOR,1980,0.7859999999999999
1948,Jordan,JOR,1981,1.114
1949,Jordan,JOR,1982,1.128
1950,Jordan,JOR,1984,1.159
1951,Jordan,JOR,1991,1.348
1952,Jordan,JOR,1994,1.625
1953,Jordan,JOR,1997,1.66
1954,Jordan,JOR,1998,1.058
1955,Jordan,JOR,1999,2.065
1956,Jordan,JOR,2000,2.008
1957,Jordan,JOR,2001,2.191
1958,Jordan,JOR,2002,2.372
1959,Jordan,JOR,2003,2.454
1960,Jordan,JOR,2004,2.204
1961,Jordan,JOR,2005,2.421
1962,Jordan,JOR,2006,2.4819999999999998
1963,Jordan,JOR,2007,2.653
1964,Jordan,JOR,2008,2.425
1965,Jordan,JOR,2009,2.342
1966,Jordan,JOR,2010,2.487
1967,Jordan,JOR,2013,2.591
1968,Jordan,JOR,2014,2.65
1969,Jordan,JOR,2015,3.426
1970,Kazakhstan,KAZ,1980,3.036
1971,Kazakhstan,KAZ,1981,3.154
1972,Kazakhstan,KAZ,1982,3.253
1973,Kazakhstan,KAZ,1983,3.3960000000000004
1974,Kazakhstan,KAZ,1984,3.531
1975,Kazakhstan,KAZ,1985,3.6289999999999996
1976,Kazakhstan,KAZ,1986,3.7239999999999998
1977,Kazakhstan,KAZ,1987,3.7910000000000004
1978,Kazakhstan,KAZ,1988,3.872
1979,Kazakhstan,KAZ,1989,3.9619999999999997
1980,Kazakhstan,KAZ,1990,3.9760000000000004
1981,Kazakhstan,KAZ,1991,3.839
1982,Kazakhstan,KAZ,1992,3.908
1983,Kazakhstan,KAZ,1993,3.766
1984,Kazakhstan,KAZ,1994,3.6039999999999996
1985,Kazakhstan,KAZ,1995,3.635
1986,Kazakhstan,KAZ,1996,3.639
1987,Kazakhstan,KAZ,1997,3.301
1988,Kazakhstan,KAZ,1998,3.528
1989,Kazakhstan,KAZ,1999,3.201
1990,Kazakhstan,KAZ,2000,3.292
1991,Kazakhstan,KAZ,2001,3.302
1992,Kazakhstan,KAZ,2002,3.612
1993,Kazakhstan,KAZ,2003,3.5389999999999997
1994,Kazakhstan,KAZ,2004,3.6
1995,Kazakhstan,KAZ,2005,3.7
1996,Kazakhstan,KAZ,2006,3.88
1997,Kazakhstan,KAZ,2007,3.877
1998,Kazakhstan,KAZ,2008,3.7
1999,Kazakhstan,KAZ,2009,3.687
2000,Kazakhstan,KAZ,2010,3.5060000000000002
2001,Kazakhstan,KAZ,2011,3.548
2002,Kazakhstan,KAZ,2012,3.489
2003,Kazakhstan,KAZ,2013,3.5010000000000003
2004,Kazakhstan,KAZ,2014,3.2739999999999996
2035,Kuwait,KWT,1960,0.871
2036,Kuwait,KWT,1965,1.263
2037,Kuwait,KWT,1970,0.9540000000000001
2038,Kuwait,KWT,1980,1.6980000000000002
2039,Kuwait,KWT,1981,1.412
2040,Kuwait,KWT,1982,1.62
2041,Kuwait,KWT,1986,1.5659999999999998
2042,Kuwait,KWT,1990,0.183
2043,Kuwait,KWT,1995,1.7830000000000001
2044,Kuwait,KWT,1997,1.89
2045,Kuwait,KWT,2003,1.9
2046,Kuwait,KWT,2004,1.5
2047,Kuwait,KWT,2005,1.8
2048,Kuwait,KWT,2006,1.445
2049,Kuwait,KWT,2007,1.8559999999999999
2050,Kuwait,KWT,2008,1.8459999999999999
2051,Kuwait,KWT,2009,1.8530000000000002
2052,Kuwait,KWT,2010,2.376
2053,Kuwait,KWT,2011,2.4019999999999997
2054,Kuwait,KWT,2012,2.415
2055,Kuwait,KWT,2013,2.4859999999999998
2056,Kuwait,KWT,2014,2.608
2057,Kuwait,KWT,2015,2.608
2120,Latvia,LVA,1980,3.623
2121,Latvia,LVA,1985,4.099
2122,Latvia,LVA,1986,4.077
2123,Latvia,LVA,1987,4.112
2124,Latvia,LVA,1988,4.183
2125,Latvia,LVA,1989,4.162
2126,Latvia,LVA,1990,4.694
2127,Latvia,LVA,1991,4.614
2128,Latvia,LVA,1992,4.098
2129,Latvia,LVA,1993,3.64
2130,Latvia,LVA,1994,3.438
2131,Latvia,LVA,1995,3.3760000000000003
2132,Latvia,LVA,1996,3.509
2133,Latvia,LVA,1997,3.448
2134,Latvia,LVA,1998,3.298
2135,Latvia,LVA,1999,3.358
2136,Latvia,LVA,2000,3.43
2137,Latvia,LVA,2001,3.302
2138,Latvia,LVA,2002,3.4189999999999996
2139,Latvia,LVA,2003,3.447
2140,Latvia,LVA,2004,3.583
2141,Latvia,LVA,2005,3.6839999999999997
2142,Latvia,LVA,2006,3.793
2143,Latvia,LVA,2007,3.6910000000000003
2144,Latvia,LVA,2008,3.935
2145,Latvia,LVA,2009,3.761
2146,Latvia,LVA,2010,3.117
2147,Latvia,LVA,2011,3.128
2148,Latvia,LVA,2012,3.14
2149,Latvia,LVA,2013,3.193
2150,Latvia,LVA,2014,3.2230000000000003
2151,Latvia,LVA,2015,3.2089999999999996
2205,Lithuania,LTU,1985,3.72
2206,Lithuania,LTU,1986,3.8160000000000003
2207,Lithuania,LTU,1987,3.885
2208,Lithuania,LTU,1988,3.9410000000000003
2209,Lithuania,LTU,1989,3.977
2210,Lithuania,LTU,1990,4.027
2211,Lithuania,LTU,1991,3.905
2212,Lithuania,LTU,1992,3.928
2213,Lithuania,LTU,1993,3.978
2214,Lithuania,LTU,1994,4.091
2215,Lithuania,LTU,1995,4.062
2216,Lithuania,LTU,1996,4.098
2217,Lithuania,LTU,1997,4.129
2218,Lithuania,LTU,1998,4.125
2219,Lithuania,LTU,1999,4.147
2220,Lithuania,LTU,2000,4.01
2221,Lithuania,LTU,2001,4.027
2222,Lithuania,LTU,2006,3.95
2223,Lithuania,LTU,2007,4.034
2224,Lithuania,LTU,2008,3.6639999999999997
2225,Lithuania,LTU,2010,3.915
2226,Lithuania,LTU,2011,4.041
2227,Lithuania,LTU,2012,4.178
2228,Lithuania,LTU,2013,4.268
2229,Lithuania,LTU,2014,4.33
2230,Lithuania,LTU,2015,4.379
2240,Luxembourg,LUX,1960,1.0
2241,Luxembourg,LUX,1961,1.0
2242,Luxembourg,LUX,1962,1.0
2243,Luxembourg,LUX,1963,1.0
2244,Luxembourg,LUX,1964,1.0
2245,Luxembourg,LUX,1965,1.0
2246,Luxembourg,LUX,1966,1.0
2247,Luxembourg,LUX,1967,1.0
2248,Luxembourg,LUX,1968,1.1
2249,Luxembourg,LUX,1969,1.1
2250,Luxembourg,LUX,1970,1.1
2251,Luxembourg,LUX,1971,1.2
2252,Luxembourg,LUX,1972,1.2
2253,Luxembourg,LUX,1973,1.2
2254,Luxembourg,LUX,1974,1.2
2255,Luxembourg,LUX,1975,1.3
2256,Luxembourg,LUX,1976,1.3
2257,Luxembourg,LUX,1977,1.3
2258,Luxembourg,LUX,1978,1.5
2259,Luxembourg,LUX,1979,1.6
2260,Luxembourg,LUX,1980,1.7
2261,Luxembourg,LUX,1981,1.5
2262,Luxembourg,LUX,1982,1.7
2263,Luxembourg,LUX,1983,1.7
2264,Luxembourg,LUX,1984,1.7
2265,Luxembourg,LUX,1985,1.8
2266,Luxembourg,LUX,1986,1.9
2267,Luxembourg,LUX,1987,1.8
2268,Luxembourg,LUX,1988,1.9
2269,Luxembourg,LUX,1989,2.0
2270,Luxembourg,LUX,1990,2.0
2271,Luxembourg,LUX,1991,2.0
2272,Luxembourg,LUX,1992,2.1
2273,Luxembourg,LUX,1993,2.1
2274,Luxembourg,LUX,1994,2.2
2275,Luxembourg,LUX,1995,2.2
2276,Luxembourg,LUX,1996,2.3
2277,Luxembourg,LUX,1997,2.4
2278,Luxembourg,LUX,1998,2.4
2279,Luxembourg,LUX,1999,2.5
2280,Luxembourg,LUX,2000,2.5
2281,Luxembourg,LUX,2001,2.5
2282,Luxembourg,LUX,2002,2.6
2283,Luxembourg,LUX,2003,2.7
2284,Luxembourg,LUX,2004,2.73
2285,Luxembourg,LUX,2005,2.852
2286,Luxembourg,LUX,2007,2.862
2287,Luxembourg,LUX,2010,2.764
2288,Luxembourg,LUX,2011,2.748
2289,Luxembourg,LUX,2012,2.7760000000000002
2290,Luxembourg,LUX,2013,2.799
2291,Luxembourg,LUX,2014,2.855
2292,Luxembourg,LUX,2015,2.92
2293,Luxembourg,LUX,2016,2.9210000000000003
2374,Malaysia,MYS,1960,0.14300000000000002
2375,Malaysia,MYS,1965,0.161
2376,Malaysia,MYS,1970,0.23199999999999998
2377,Malaysia,MYS,1975,0.23399999999999999
2378,Malaysia,MYS,1980,0.255
2379,Malaysia,MYS,1981,0.255
2380,Malaysia,MYS,1985,0.315
2381,Malaysia,MYS,1986,0.335
2382,Malaysia,MYS,1987,0.348
2383,Malaysia,MYS,1988,0.36700000000000005
2384,Malaysia,MYS,1989,0.374
2385,Malaysia,MYS,1990,0.392
2386,Malaysia,MYS,1991,0.39299999999999996
2387,Malaysia,MYS,1992,0.41100000000000003
2388,Malaysia,MYS,1993,0.431
2389,Malaysia,MYS,1994,0.449
2390,Malaysia,MYS,1995,0.478
2391,Malaysia,MYS,1996,0.496
2392,Malaysia,MYS,1997,0.6579999999999999
2393,Malaysia,MYS,1999,0.6829999999999999
2394,Malaysia,MYS,2000,0.6890000000000001
2395,Malaysia,MYS,2002,0.6970000000000001
2396,Malaysia,MYS,2008,0.9229999999999999
2397,Malaysia,MYS,2010,1.173
2398,Malaysia,MYS,2011,1.281
2399,Malaysia,MYS,2015,1.5330000000000001
2508,Mexico,MEX,1990,1.0
2509,Mexico,MEX,1991,1.1
2510,Mexico,MEX,1992,1.3
2511,Mexico,MEX,1993,1.4
2512,Mexico,MEX,1994,1.5
2513,Mexico,MEX,1995,1.6
2514,Mexico,MEX,1996,1.6
2515,Mexico,MEX,1997,1.4
2516,Mexico,MEX,1998,1.2
2517,Mexico,MEX,1999,1.7
2518,Mexico,MEX,2000,1.905
2519,Mexico,MEX,2001,1.5
2520,Mexico,MEX,2002,1.5
2521,Mexico,MEX,2003,1.5
2522,Mexico,MEX,2004,2.8930000000000002
2523,Mexico,MEX,2005,1.749
2524,Mexico,MEX,2006,1.864
2525,Mexico,MEX,2007,1.8880000000000001
2526,Mexico,MEX,2008,1.925
2527,Mexico,MEX,2009,1.959
2528,Mexico,MEX,2010,1.922
2529,Mexico,MEX,2011,2.019
2530,Mexico,MEX,2012,2.029
2531,Mexico,MEX,2013,2.0709999999999997
2532,Mexico,MEX,2014,2.1180000000000003
2533,Mexico,MEX,2015,2.231
2666,Myanmar,MMR,1960,0.065
2667,Myanmar,MMR,1965,0.085
2668,Myanmar,MMR,1970,0.114
2669,Myanmar,MMR,1981,0.203
2670,Myanmar,MMR,1985,0.27
2671,Myanmar,MMR,1989,0.081
2672,Myanmar,MMR,1990,0.078
2673,Myanmar,MMR,1995,0.293
2674,Myanmar,MMR,1999,0.297
2675,Myanmar,MMR,2000,0.302
2676,Myanmar,MMR,2004,0.359
2677,Myanmar,MMR,2005,0.37200000000000005
2678,Myanmar,MMR,2006,0.40700000000000003
2679,Myanmar,MMR,2007,0.43
2680,Myanmar,MMR,2008,0.465
2681,Myanmar,MMR,2009,0.478
2682,Myanmar,MMR,2010,0.511
2683,Myanmar,MMR,2011,0.539
2684,Myanmar,MMR,2012,0.568
2697,Nepal,NPL,1960,0.013000000000000001
2698,Nepal,NPL,1965,0.021
2699,Nepal,NPL,1970,0.019
2700,Nepal,NPL,1975,0.019
2701,Nepal,NPL,1980,0.034
2702,Nepal,NPL,1984,0.031
2703,Nepal,NPL,1985,0.034
2704,Nepal,NPL,1987,0.051
2705,Nepal,NPL,1988,0.051
2706,Nepal,NPL,1989,0.054000000000000006
2707,Nepal,NPL,1990,0.051
2708,Nepal,NPL,1991,0.062
2709,Nepal,NPL,1992,0.076
2710,Nepal,NPL,1993,0.07400000000000001
2711,Nepal,NPL,1995,0.04
2712,Nepal,NPL,1996,0.04
2713,Nepal,NPL,1997,0.04
2714,Nepal,NPL,1998,0.04
2715,Nepal,NPL,2001,0.052000000000000005
2716,Nepal,NPL,2004,0.214
2717,Nepal,NPL,2012,0.506
2718,Nepal,NPL,2013,0.545
2719,Nepal,NPL,2014,0.598
2720,Netherlands,NLD,1960,1.1
2721,Netherlands,NLD,1961,1.1
2722,Netherlands,NLD,1962,1.1
2723,Netherlands,NLD,1963,1.1
2724,Netherlands,NLD,1964,1.1
2725,Netherlands,NLD,1965,1.2
2726,Netherlands,NLD,1966,1.2
2727,Netherlands,NLD,1967,1.2
2728,Netherlands,NLD,1968,1.2
2729,Netherlands,NLD,1969,1.2
2730,Netherlands,NLD,1970,1.2
2731,Netherlands,NLD,1971,1.3
2732,Netherlands,NLD,1972,1.4
2733,Netherlands,NLD,1973,1.4
2734,Netherlands,NLD,1974,1.5
2735,Netherlands,NLD,1975,1.6
2736,Netherlands,NLD,1976,1.7
2737,Netherlands,NLD,1977,1.7
2738,Netherlands,NLD,1978,1.8
2739,Netherlands,NLD,1979,1.8
2740,Netherlands,NLD,1980,1.9
2741,Netherlands,NLD,1981,2.0
2742,Netherlands,NLD,1982,2.0
2743,Netherlands,NLD,1983,2.1
2744,Netherlands,NLD,1984,2.2
2745,Netherlands,NLD,1985,2.2
2746,Netherlands,NLD,1986,2.3
2747,Netherlands,NLD,1987,2.4
2748,Netherlands,NLD,1988,2.4
2749,Netherlands,NLD,1989,2.4
2750,Netherlands,NLD,1990,2.5
2751,Netherlands,NLD,1991,2.6
2752,Netherlands,NLD,1998,2.9
2753,Netherlands,NLD,1999,3.1
2754,Netherlands,NLD,2000,3.2
2755,Netherlands,NLD,2001,3.3
2756,Netherlands,NLD,2002,3.1
2757,Netherlands,NLD,2003,3.1489999999999996
2758,Netherlands,NLD,2005,3.71
2759,Netherlands,NLD,2007,3.9210000000000003
2760,Netherlands,NLD,2014,3.424
2761,Netherlands,NLD,2015,3.478
2764,New Zealand,NZL,1961,1.1
2765,New Zealand,NZL,1966,1.1
2766,New Zealand,NZL,1971,1.1
2767,New Zealand,NZL,1973,1.2
2768,New Zealand,NZL,1976,1.3
2769,New Zealand,NZL,1977,1.4
2770,New Zealand,NZL,1978,1.4
2771,New Zealand,NZL,1979,1.5
2772,New Zealand,NZL,1980,1.6
2773,New Zealand,NZL,1981,1.6
2774,New Zealand,NZL,1982,1.6
2775,New Zealand,NZL,1983,1.7
2776,New Zealand,NZL,1984,1.7
2777,New Zealand,NZL,1985,1.7
2778,New Zealand,NZL,1986,1.8
2779,New Zealand,NZL,1987,1.8
2780,New Zealand,NZL,1988,1.9
2781,New Zealand,NZL,1989,1.9
2782,New Zealand,NZL,1990,1.9
2783,New Zealand,NZL,1991,1.9
2784,New Zealand,NZL,1992,1.9
2785,New Zealand,NZL,1993,1.9
2786,New Zealand,NZL,1994,2.0
2787,New Zealand,NZL,1995,2.0
2788,New Zealand,NZL,1996,2.0
2789,New Zealand,NZL,1997,2.2
2790,New Zealand,NZL,1998,2.2
2791,New Zealand,NZL,1999,2.2
2792,New Zealand,NZL,2001,2.311
2793,New Zealand,NZL,2002,2.0669999999999997
2794,New Zealand,NZL,2003,2.2
2795,New Zealand,NZL,2007,2.302
2796,New Zealand,NZL,2008,2.5469999999999997
2797,New Zealand,NZL,2009,2.679
2798,New Zealand,NZL,2010,2.612
2799,New Zealand,NZL,2011,2.641
2800,New Zealand,NZL,2012,2.698
2801,New Zealand,NZL,2013,2.818
2802,New Zealand,NZL,2014,2.852
2803,New Zealand,NZL,2015,3.0610000000000004
2841,Nigeria,NGA,1960,0.017
2842,Nigeria,NGA,1965,0.043
2843,Nigeria,NGA,1970,0.05
2844,Nigeria,NGA,1975,0.049
2845,Nigeria,NGA,1980,0.113
2846,Nigeria,NGA,1982,0.149
2847,Nigeria,NGA,1985,0.192
2848,Nigeria,NGA,1986,0.187
2849,Nigeria,NGA,1989,0.192
2850,Nigeria,NGA,1992,0.185
2851,Nigeria,NGA,1993,0.192
2852,Nigeria,NGA,2000,0.26899999999999996
2853,Nigeria,NGA,2003,0.263
2854,Nigeria,NGA,2005,0.281
2855,Nigeria,NGA,2006,0.34600000000000003
2856,Nigeria,NGA,2007,0.376
2857,Nigeria,NGA,2008,0.374
2858,Nigeria,NGA,2009,0.376
2859,Nigeria,NGA,2010,0.395
2872,Norway,NOR,1960,1.2
2873,Norway,NOR,1962,1.2
2874,Norway,NOR,1963,1.1
2875,Norway,NOR,1964,1.2
2876,Norway,NOR,1965,1.3
2877,Norway,NOR,1966,1.3
2878,Norway,NOR,1967,1.3
2879,Norway,NOR,1968,1.4
2880,Norway,NOR,1969,1.4
2881,Norway,NOR,1970,1.4
2882,Norway,NOR,1971,1.5
2883,Norway,NOR,1972,1.5
2884,Norway,NOR,1973,1.6
2885,Norway,NOR,1974,1.7
2886,Norway,NOR,1975,1.7
2887,Norway,NOR,1976,1.8
2888,Norway,NOR,1977,1.9
2889,Norway,NOR,1978,1.9
2890,Norway,NOR,1979,1.9
2891,Norway,NOR,1980,2.0
2892,Norway,NOR,1981,2.0
2893,Norway,NOR,1982,2.1
2894,Norway,NOR,1983,2.1
2895,Norway,NOR,1984,2.2
2896,Norway,NOR,1985,2.2
2897,Norway,NOR,1986,2.3
2898,Norway,NOR,1987,2.5
2899,Norway,NOR,1991,2.6
2900,Norway,NOR,1992,2.6
2901,Norway,NOR,1993,2.6
2902,Norway,NOR,1994,2.7
2903,Norway,NOR,1995,2.8
2904,Norway,NOR,1996,2.8
2905,Norway,NOR,1997,2.5
2906,Norway,NOR,1998,2.7
2907,Norway,NOR,1999,2.8
2908,Norway,NOR,2000,2.9
2909,Norway,NOR,2001,3.0
2910,Norway,NOR,2002,3.1
2911,Norway,NOR,2003,3.1
2912,Norway,NOR,2006,3.77
2913,Norway,NOR,2007,3.889
2914,Norway,NOR,2008,4.0760000000000005
2915,Norway,NOR,2009,4.053
2916,Norway,NOR,2010,4.112
2917,Norway,NOR,2011,4.187
2918,Norway,NOR,2012,4.232
2919,Norway,NOR,2013,4.303
2920,Norway,NOR,2014,4.42
2921,Norway,NOR,2015,4.385
2958,Pakistan,PAK,1960,0.185
2959,Pakistan,PAK,1970,0.23199999999999998
2960,Pakistan,PAK,1975,0.233
2961,Pakistan,PAK,1980,0.285
2962,Pakistan,PAK,1981,0.344
2963,Pakistan,PAK,1982,0.342
2964,Pakistan,PAK,1986,0.35100000000000003
2965,Pakistan,PAK,1990,0.462
2966,Pakistan,PAK,1991,0.48
2967,Pakistan,PAK,1992,0.528
2968,Pakistan,PAK,1993,0.54
2969,Pakistan,PAK,1994,0.5539999999999999
2970,Pakistan,PAK,1995,0.568
2971,Pakistan,PAK,1996,0.591
2972,Pakistan,PAK,1997,0.609
2973,Pakistan,PAK,1998,0.626
2974,Pakistan,PAK,1999,0.644
2975,Pakistan,PAK,2000,0.664
2976,Pakistan,PAK,2001,0.6809999999999999
2977,Pakistan,PAK,2004,0.774
2978,Pakistan,PAK,2005,0.8240000000000001
2979,Pakistan,PAK,2007,0.8
2980,Pakistan,PAK,2008,0.821
2981,Pakistan,PAK,2009,0.838
2982,Pakistan,PAK,2010,0.852
2983,Pakistan,PAK,2011,0.877
2984,Pakistan,PAK,2014,0.8059999999999999
2985,Pakistan,PAK,2015,0.978
2994,Panama,PAN,1960,0.35600000000000004
2995,Panama,PAN,1965,0.478
2996,Panama,PAN,1970,0.613
2997,Panama,PAN,1975,0.597
2998,Panama,PAN,1981,0.993
2999,Panama,PAN,1984,1.021
3000,Panama,PAN,1985,1.006
3001,Panama,PAN,1988,1.7930000000000001
3002,Panama,PAN,1990,1.113
3003,Panama,PAN,1991,1.122
3004,Panama,PAN,1992,1.1440000000000001
3005,Panama,PAN,1993,1.178
3006,Panama,PAN,1994,1.126
3007,Panama,PAN,1995,1.167
3008,Panama,PAN,1996,1.206
3009,Panama,PAN,1997,1.204
3010,Panama,PAN,1998,1.194
3011,Panama,PAN,1999,1.2329999999999999
3012,Panama,PAN,2000,1.5019999999999998
3013,Panama,PAN,2001,1.245
3014,Panama,PAN,2002,1.337
3015,Panama,PAN,2003,1.3430000000000002
3016,Panama,PAN,2004,1.325
3017,Panama,PAN,2005,1.3519999999999999
3018,Panama,PAN,2006,1.354
3019,Panama,PAN,2007,1.3090000000000002
3020,Panama,PAN,2008,1.3880000000000001
3021,Panama,PAN,2009,1.317
3022,Panama,PAN,2010,1.4140000000000001
3023,Panama,PAN,2011,1.508
3024,Panama,PAN,2012,1.609
3025,Panama,PAN,2013,1.594
3055,Peru,PER,1960,0.51
3056,Peru,PER,1965,0.605
3057,Peru,PER,1970,0.521
3058,Peru,PER,1975,0.526
3059,Peru,PER,1979,0.6920000000000001
3060,Peru,PER,1980,0.716
3061,Peru,PER,1981,0.76
3062,Peru,PER,1982,0.846
3063,Peru,PER,1983,0.902
3064,Peru,PER,1984,0.9079999999999999
3065,Peru,PER,1985,0.929
3066,Peru,PER,1986,0.9840000000000001
3067,Peru,PER,1987,0.983
3068,Peru,PER,1988,0.965
3069,Peru,PER,1989,1.035
3070,Peru,PER,1990,1.064
3071,Peru,PER,1992,1.03
3072,Peru,PER,1995,0.98
3073,Peru,PER,1997,0.932
3074,Peru,PER,1999,1.166
3075,Peru,PER,2009,0.94
3076,Peru,PER,2010,0.92
3077,Peru,PER,2012,1.1159999999999999
3078,Philippines,PHL,1960,0.146
3079,Philippines,PHL,1970,0.111
3080,Philippines,PHL,1975,0.113
3081,Philippines,PHL,1980,0.128
3082,Philippines,PHL,1981,0.15
3083,Philippines,PHL,1984,0.154
3084,Philippines,PHL,1985,0.154
3085,Philippines,PHL,1989,0.124
3086,Philippines,PHL,1990,0.11900000000000001
3087,Philippines,PHL,1992,0.10800000000000001
3088,Philippines,PHL,1996,1.23
3089,Philippines,PHL,1997,1.24
3090,Philippines,PHL,2000,0.568
3091,Philippines,PHL,2002,1.112
3092,Philippines,PHL,2004,1.11
3093,Poland,POL,1960,1.0
3094,Poland,POL,1961,1.0
3095,Poland,POL,1962,1.1
3096,Poland,POL,1963,1.1
3097,Poland,POL,1964,1.2
3098,Poland,POL,1965,1.2
3099,Poland,POL,1966,1.3
3100,Poland,POL,1967,1.3
3101,Poland,POL,1968,1.4
3102,Poland,POL,1969,1.4
3103,Poland,POL,1970,1.4
3104,Poland,POL,1971,1.5
3105,Poland,POL,1972,1.5
3106,Poland,POL,1973,1.5
3107,Poland,POL,1974,1.6
3108,Poland,POL,1975,1.6
3109,Poland,POL,1976,1.6
3110,Poland,POL,1977,1.7
3111,Poland,POL,1978,1.7
3112,Poland,POL,1979,1.7
3113,Poland,POL,1980,1.8
3114,Poland,POL,1981,1.8
3115,Poland,POL,1982,1.8
3116,Poland,POL,1983,1.9
3117,Poland,POL,1984,1.9
3118,Poland,POL,1985,2.0
3119,Poland,POL,1986,2.0
3120,Poland,POL,1987,2.1
3121,Poland,POL,1988,2.1
3122,Poland,POL,1989,2.1
3123,Poland,POL,1990,2.1
3124,Poland,POL,1991,2.2
3125,Poland,POL,1992,2.2
3126,Poland,POL,1993,2.2
3127,Poland,POL,1994,2.3
3128,Poland,POL,1995,2.3
3129,Poland,POL,1996,2.4
3130,Poland,POL,1997,2.4
3131,Poland,POL,1998,2.3
3132,Poland,POL,1999,2.3
3133,Poland,POL,2000,2.2
3134,Poland,POL,2001,2.3
3135,Poland,POL,2002,2.3
3136,Poland,POL,2003,2.469
3137,Poland,POL,2005,1.97
3138,Poland,POL,2006,2.012
3139,Poland,POL,2008,2.144
3140,Poland,POL,2010,2.157
3141,Poland,POL,2011,2.182
3142,Poland,POL,2012,2.202
3143,Poland,POL,2013,2.207
3144,Poland,POL,2014,2.271
3145,Poland,POL,2015,2.29
3146,Portugal,PRT,1960,0.8
3147,Portugal,PRT,1961,0.8
3148,Portugal,PRT,1962,0.9
3149,Portugal,PRT,1963,0.8
3150,Portugal,PRT,1964,0.8
3151,Portugal,PRT,1965,0.9
3152,Portugal,PRT,1966,0.9
3153,Portugal,PRT,1967,0.9
3154,Portugal,PRT,1968,1.0
3155,Portugal,PRT,1969,0.9
3156,Portugal,PRT,1970,0.9
3157,Portugal,PRT,1971,1.0
3158,Portugal,PRT,1972,1.0
3159,Portugal,PRT,1973,1.1
3160,Portugal,PRT,1974,1.2
3161,Portugal,PRT,1975,1.2
3162,Portugal,PRT,1976,1.3
3163,Portugal,PRT,1977,1.5
3164,Portugal,PRT,1978,1.7
3165,Portugal,PRT,1979,1.9
3166,Portugal,PRT,1980,2.0
3167,Portugal,PRT,1981,2.1
3168,Portugal,PRT,1982,2.2
3169,Portugal,PRT,1983,2.3
3170,Portugal,PRT,1984,2.4
3171,Portugal,PRT,1985,2.5
3172,Portugal,PRT,1986,2.6
3173,Portugal,PRT,1987,2.6
3174,Portugal,PRT,1988,2.7
3175,Portugal,PRT,1989,2.8
3176,Portugal,PRT,1990,2.8
3177,Portugal,PRT,1991,2.8
3178,Portugal,PRT,1992,2.9
3179,Portugal,PRT,1993,2.9
3180,Portugal,PRT,1994,2.9
3181,Portugal,PRT,1995,2.9
3182,Portugal,PRT,1996,3.0
3183,Portugal,PRT,1997,3.0
3184,Portugal,PRT,1998,3.1
3185,Portugal,PRT,1999,3.1
3186,Portugal,PRT,2000,3.2
3187,Portugal,PRT,2001,3.2
3188,Portugal,PRT,2002,3.2569999999999997
3189,Portugal,PRT,2003,3.3110000000000004
3190,Portugal,PRT,2004,3.372
3191,Portugal,PRT,2005,3.448
3192,Portugal,PRT,2006,3.511
3193,Portugal,PRT,2007,3.593
3194,Portugal,PRT,2008,3.681
3195,Portugal,PRT,2009,3.786
3196,Portugal,PRT,2010,3.842
3197,Portugal,PRT,2011,3.983
3198,Portugal,PRT,2012,4.101
3199,Portugal,PRT,2013,4.26
3200,Portugal,PRT,2014,4.426
3208,Qatar,QAT,1970,0.513
3209,Qatar,QAT,1981,0.738
3210,Qatar,QAT,1986,1.676
3211,Qatar,QAT,1990,1.5
3212,Qatar,QAT,1996,1.26
3213,Qatar,QAT,1997,1.26
3214,Qatar,QAT,2001,2.217
3215,Qatar,QAT,2005,2.569
3216,Qatar,QAT,2006,2.34
3217,Qatar,QAT,2008,3.319
3218,Qatar,QAT,2009,3.222
3219,Qatar,QAT,2010,3.9189999999999996
3220,Qatar,QAT,2014,1.964
3260,Russia,RUS,1985,3.8710000000000004
3261,Russia,RUS,1986,3.9389999999999996
3262,Russia,RUS,1987,4.004
3263,Russia,RUS,1988,4.04
3264,Russia,RUS,1989,4.085
3265,Russia,RUS,1990,4.07
3266,Russia,RUS,1991,4.046
3267,Russia,RUS,1992,3.872
3268,Russia,RUS,1993,3.972
3269,Russia,RUS,1994,3.835
3270,Russia,RUS,1995,3.859
3271,Russia,RUS,1996,4.096
3272,Russia,RUS,1997,4.155
3273,Russia,RUS,1998,4.209
3274,Russia,RUS,1999,4.194
3275,Russia,RUS,2001,4.172
3276,Russia,RUS,2002,4.0
3277,Russia,RUS,2003,4.252
3278,Russia,RUS,2004,4.0
3279,Russia,RUS,2005,4.0
3280,Russia,RUS,2006,4.309
3281,Russia,RUS,2010,5.0
3282,Russia,RUS,2011,4.244
3283,Russia,RUS,2012,4.031000000000001
3284,Russia,RUS,2013,4.022
3285,Russia,RUS,2014,4.163
3286,Russia,RUS,2015,3.975
3383,Saudi Arabia,SAU,1960,0.061
3384,Saudi Arabia,SAU,1965,0.106
3385,Saudi Arabia,SAU,1970,0.134
3386,Saudi Arabia,SAU,1981,0.55
3387,Saudi Arabia,SAU,1986,1.3459999999999999
3388,Saudi Arabia,SAU,1990,1.433
3389,Saudi Arabia,SAU,1993,1.335
3390,Saudi Arabia,SAU,1997,1.66
3391,Saudi Arabia,SAU,2000,0.6990000000000001
3392,Saudi Arabia,SAU,2001,0.657
3393,Saudi Arabia,SAU,2004,1.37
3394,Saudi Arabia,SAU,2007,1.6219999999999999
3395,Saudi Arabia,SAU,2008,1.9969999999999999
3396,Saudi Arabia,SAU,2009,2.017
3397,Saudi Arabia,SAU,2010,2.35
3398,Saudi Arabia,SAU,2011,2.416
3399,Saudi Arabia,SAU,2012,2.425
3400,Saudi Arabia,SAU,2014,2.568
3401,Senegal,SEN,1960,0.044000000000000004
3402,Senegal,SEN,1965,0.051
3403,Senegal,SEN,1970,0.063
3404,Senegal,SEN,1975,0.061
3405,Senegal,SEN,1981,0.079
3406,Senegal,SEN,1982,0.077
3407,Senegal,SEN,1990,0.055
3408,Senegal,SEN,1992,0.068
3409,Senegal,SEN,1994,0.096
3410,Senegal,SEN,1995,0.075
3411,Senegal,SEN,1996,0.09300000000000001
3412,Senegal,SEN,1997,0.09300000000000001
3413,Senegal,SEN,1998,0.095
3414,Senegal,SEN,2004,0.054000000000000006
3415,Senegal,SEN,2008,0.061
3416,Senegal,SEN,2010,0.059000000000000004
3417,Senegal,SEN,2016,0.068
3418,Serbia,SRB,2006,1.99
3419,Serbia,SRB,2007,2.035
3420,Serbia,SRB,2009,2.292
3421,Serbia,SRB,2010,2.463
3422,Serbia,SRB,2011,2.484
3423,Serbia,SRB,2012,2.484
3424,Serbia,SRB,2013,2.489
3425,Serbia,SRB,2014,2.463
3453,Singapore,SGP,1960,0.42
3454,Singapore,SGP,1965,0.526
3455,Singapore,SGP,1970,0.657
3456,Singapore,SGP,1975,0.667
3457,Singapore,SGP,1980,0.851
3458,Singapore,SGP,1981,0.877
3459,Singapore,SGP,1985,0.998
3460,Singapore,SGP,1986,0.723
3461,Singapore,SGP,1988,1.111
3462,Singapore,SGP,1990,1.266
3463,Singapore,SGP,1991,1.32
3464,Singapore,SGP,1992,1.348
3465,Singapore,SGP,1993,1.385
3466,Singapore,SGP,1994,1.411
3467,Singapore,SGP,1998,1.6269999999999998
3468,Singapore,SGP,1999,1.393
3469,Singapore,SGP,2001,1.4280000000000002
3470,Singapore,SGP,2003,1.5
3471,Singapore,SGP,2004,1.484
3472,Singapore,SGP,2005,1.501
3473,Singapore,SGP,2006,1.5019999999999998
3474,Singapore,SGP,2007,1.56
3475,Singapore,SGP,2008,1.617
3476,Singapore,SGP,2009,1.676
3477,Singapore,SGP,2010,1.736
3478,Singapore,SGP,2011,1.7469999999999999
3479,Singapore,SGP,2012,1.82
3480,Singapore,SGP,2013,1.913
3481,Singapore,SGP,2016,2.276
3482,Slovakia,SVK,2000,3.2
3483,Slovakia,SVK,2001,3.1
3484,Slovakia,SVK,2002,3.1
3485,Slovakia,SVK,2003,3.179
3486,Slovakia,SVK,2004,3.12
3487,Slovakia,SVK,2007,3.005
3488,Slovakia,SVK,2009,3.295
3489,Slovakia,SVK,2013,3.387
3490,Slovakia,SVK,2015,3.45
3491,Slovenia,SVN,1980,1.771
3492,Slovenia,SVN,1982,1.8430000000000002
3493,Slovenia,SVN,1984,1.861
3494,Slovenia,SVN,1985,1.879
3495,Slovenia,SVN,1986,1.882
3496,Slovenia,SVN,1987,2.004
3497,Slovenia,SVN,1988,2.024
3498,Slovenia,SVN,1989,2.063
3499,Slovenia,SVN,1990,1.99
3500,Slovenia,SVN,1991,2.079
3501,Slovenia,SVN,1992,2.0909999999999997
3502,Slovenia,SVN,1993,2.03
3503,Slovenia,SVN,1994,2.19
3504,Slovenia,SVN,1995,2.121
3505,Slovenia,SVN,1996,2.135
3506,Slovenia,SVN,1997,2.147
3507,Slovenia,SVN,1998,2.178
3508,Slovenia,SVN,1999,2.135
3509,Slovenia,SVN,2000,2.17
3510,Slovenia,SVN,2001,2.194
3511,Slovenia,SVN,2002,2.253
3512,Slovenia,SVN,2005,2.4
3513,Slovenia,SVN,2006,2.424
3514,Slovenia,SVN,2008,2.4730000000000003
3515,Slovenia,SVN,2010,2.426
3516,Slovenia,SVN,2011,2.487
3517,Slovenia,SVN,2012,2.5340000000000003
3518,Slovenia,SVN,2013,2.623
3519,Slovenia,SVN,2014,2.765
3520,Slovenia,SVN,2015,2.82
3549,South Africa,ZAF,1965,0.488
3550,South Africa,ZAF,1975,0.539
3551,South Africa,ZAF,1978,0.551
3552,South Africa,ZAF,1987,0.613
3553,South Africa,ZAF,1992,0.624
3554,South Africa,ZAF,1996,0.593
3555,South Africa,ZAF,2004,0.731
3556,South Africa,ZAF,2010,0.728
3557,South Africa,ZAF,2011,0.715
3558,South Africa,ZAF,2012,0.725
3559,South Africa,ZAF,2013,0.742
3560,South Africa,ZAF,2014,0.7559999999999999
3561,South Africa,ZAF,2015,0.767
3562,South Africa,ZAF,2016,0.818
3569,South Korea,KOR,1981,0.5
3570,South Korea,KOR,1982,0.5
3571,South Korea,KOR,1983,0.5
3572,South Korea,KOR,1984,0.6
3573,South Korea,KOR,1985,0.6
3574,South Korea,KOR,1986,0.6
3575,South Korea,KOR,1987,0.7
3576,South Korea,KOR,1988,0.7
3577,South Korea,KOR,1989,0.8
3578,South Korea,KOR,1990,0.8
3579,South Korea,KOR,1991,0.9
3580,South Korea,KOR,1992,1.0
3581,South Korea,KOR,1993,1.0
3582,South Korea,KOR,1994,1.1
3583,South Korea,KOR,1995,1.1
3584,South Korea,KOR,1996,1.2
3585,South Korea,KOR,1997,1.2
3586,South Korea,KOR,1998,1.3
3587,South Korea,KOR,1999,1.3
3588,South Korea,KOR,2000,1.3
3589,South Korea,KOR,2001,1.4
3590,South Korea,KOR,2002,1.5
3591,South Korea,KOR,2003,1.5730000000000002
3592,South Korea,KOR,2004,1.733
3593,South Korea,KOR,2005,1.7930000000000001
3594,South Korea,KOR,2006,1.8419999999999999
3595,South Korea,KOR,2007,1.8980000000000001
3596,South Korea,KOR,2008,1.96
3597,South Korea,KOR,2009,2.017
3598,South Korea,KOR,2010,2.002
3599,South Korea,KOR,2011,2.0540000000000003
3600,South Korea,KOR,2012,2.099
3601,South Korea,KOR,2013,2.185
3602,South Korea,KOR,2014,2.231
3603,South Korea,KOR,2015,2.273
3604,South Korea,KOR,2016,2.326
3605,Spain,ESP,1990,3.795
3606,Spain,ESP,1991,3.9019999999999997
3607,Spain,ESP,1992,3.9619999999999997
3608,Spain,ESP,1993,4.031000000000001
3609,Spain,ESP,1994,4.0889999999999995
3610,Spain,ESP,1995,4.09
3611,Spain,ESP,1996,4.152
3612,Spain,ESP,1997,4.206
3613,Spain,ESP,1998,4.271
3614,Spain,ESP,1999,4.33
3615,Spain,ESP,2000,4.393
3616,Spain,ESP,2001,4.376
3617,Spain,ESP,2002,4.446000000000001
3618,Spain,ESP,2003,4.489
3619,Spain,ESP,2004,4.51
3620,Spain,ESP,2005,4.541
3621,Spain,ESP,2006,4.56
3622,Spain,ESP,2007,4.603
3623,Spain,ESP,2008,4.67
3624,Spain,ESP,2009,4.731
3625,Spain,ESP,2010,3.7560000000000002
3626,Spain,ESP,2011,3.838
3627,Spain,ESP,2012,3.835
3628,Spain,ESP,2013,3.824
3629,Spain,ESP,2014,3.819
3630,Spain,ESP,2015,3.872
3631,Sri Lanka,LKA,1960,0.223
3632,Sri Lanka,LKA,1965,0.172
3633,Sri Lanka,LKA,1970,0.16899999999999998
3634,Sri Lanka,LKA,1975,0.16899999999999998
3635,Sri Lanka,LKA,1980,0.139
3636,Sri Lanka,LKA,1981,0.134
3637,Sri Lanka,LKA,1982,0.134
3638,Sri Lanka,LKA,1985,0.18100000000000002
3639,Sri Lanka,LKA,1986,0.138
3640,Sri Lanka,LKA,1989,0.146
3641,Sri Lanka,LKA,1991,0.139
3642,Sri Lanka,LKA,1992,0.165
3643,Sri Lanka,LKA,1993,0.207
3644,Sri Lanka,LKA,1994,0.185
3645,Sri Lanka,LKA,1995,0.222
3646,Sri Lanka,LKA,1996,0.278
3647,Sri Lanka,LKA,1997,0.305
3648,Sri Lanka,LKA,1998,0.34600000000000003
3649,Sri Lanka,LKA,1999,0.375
3650,Sri Lanka,LKA,2000,0.424
3651,Sri Lanka,LKA,2001,0.44299999999999995
3652,Sri Lanka,LKA,2004,0.541
3653,Sri Lanka,LKA,2005,0.522
3654,Sri Lanka,LKA,2006,0.523
3655,Sri Lanka,LKA,2007,0.556
3656,Sri Lanka,LKA,2008,0.626
3657,Sri Lanka,LKA,2009,0.684
3658,Sri Lanka,LKA,2010,0.726
3659,Sri Lanka,LKA,2015,0.8809999999999999
3703,Sweden,SWE,1960,1.0
3704,Sweden,SWE,1961,1.0
3705,Sweden,SWE,1962,1.0
3706,Sweden,SWE,1963,1.0
3707,Sweden,SWE,1964,1.1
3708,Sweden,SWE,1965,1.1
3709,Sweden,SWE,1966,1.1
3710,Sweden,SWE,1967,1.2
3711,Sweden,SWE,1968,1.2
3712,Sweden,SWE,1969,1.3
3713,Sweden,SWE,1970,1.3
3714,Sweden,SWE,1971,1.4
3715,Sweden,SWE,1972,1.5
3716,Sweden,SWE,1973,1.5
3717,Sweden,SWE,1974,1.6
3718,Sweden,SWE,1975,1.7
3719,Sweden,SWE,1976,1.8
3720,Sweden,SWE,1977,1.9
3721,Sweden,SWE,1978,2.0
3722,Sweden,SWE,1979,2.0
3723,Sweden,SWE,1980,2.2
3724,Sweden,SWE,1981,2.3
3725,Sweden,SWE,1982,2.3
3726,Sweden,SWE,1983,2.4
3727,Sweden,SWE,1984,2.6
3728,Sweden,SWE,1985,2.6
3729,Sweden,SWE,1986,2.8
3730,Sweden,SWE,1987,2.8
3731,Sweden,SWE,1988,2.8
3732,Sweden,SWE,1989,2.8
3733,Sweden,SWE,1990,2.9
3734,Sweden,SWE,1992,2.7
3735,Sweden,SWE,1993,2.7
3736,Sweden,SWE,1994,2.8
3737,Sweden,SWE,1995,2.9
3738,Sweden,SWE,1996,2.9
3739,Sweden,SWE,1997,2.9
3740,Sweden,SWE,1998,3.0
3741,Sweden,SWE,1999,3.0
3742,Sweden,SWE,2000,3.1
3743,Sweden,SWE,2001,3.2
3744,Sweden,SWE,2002,3.284
3745,Sweden,SWE,2004,3.28
3746,Sweden,SWE,2006,3.583
3747,Sweden,SWE,2007,3.2439999999999998
3748,Sweden,SWE,2008,3.77
3749,Sweden,SWE,2009,3.8680000000000003
3750,Sweden,SWE,2010,3.8930000000000002
3751,Sweden,SWE,2011,3.963
3752,Sweden,SWE,2012,4.038
3753,Sweden,SWE,2013,4.119
3754,Sweden,SWE,2014,4.188
3755,Switzerland,CHE,1960,1.4
3756,Switzerland,CHE,1961,1.4
3757,Switzerland,CHE,1962,1.4
3758,Switzerland,CHE,1963,1.4
3759,Switzerland,CHE,1964,1.4
3760,Switzerland,CHE,1965,1.4
3761,Switzerland,CHE,1966,1.4
3762,Switzerland,CHE,1967,1.4
3763,Switzerland,CHE,1968,1.4
3764,Switzerland,CHE,1969,1.5
3765,Switzerland,CHE,1970,1.5
3766,Switzerland,CHE,1971,1.6
3767,Switzerland,CHE,1972,1.6
3768,Switzerland,CHE,1973,1.7
3769,Switzerland,CHE,1974,1.8
3770,Switzerland,CHE,1975,1.9
3771,Switzerland,CHE,1976,2.0
3772,Switzerland,CHE,1977,2.1
3773,Switzerland,CHE,1978,2.2
3774,Switzerland,CHE,1979,2.4
3775,Switzerland,CHE,1980,2.5
3776,Switzerland,CHE,1981,2.6
3777,Switzerland,CHE,1982,2.6
3778,Switzerland,CHE,1983,2.6
3779,Switzerland,CHE,1984,2.6
3780,Switzerland,CHE,1985,2.7
3781,Switzerland,CHE,1986,2.8
3782,Switzerland,CHE,1987,2.9
3783,Switzerland,CHE,1988,3.0
3784,Switzerland,CHE,1989,2.9
3785,Switzerland,CHE,1990,3.0
3786,Switzerland,CHE,1991,3.0
3787,Switzerland,CHE,1992,3.0
3788,Switzerland,CHE,1993,3.1
3789,Switzerland,CHE,1994,3.1
3790,Switzerland,CHE,1995,3.2
3791,Switzerland,CHE,1996,3.2
3792,Switzerland,CHE,1997,3.3
3793,Switzerland,CHE,1998,3.3
3794,Switzerland,CHE,1999,3.4
3795,Switzerland,CHE,2000,3.5
3796,Switzerland,CHE,2001,3.5
3797,Switzerland,CHE,2002,3.615
3798,Switzerland,CHE,2006,3.97
3799,Switzerland,CHE,2010,3.806
3800,Switzerland,CHE,2011,3.826
3801,Switzerland,CHE,2012,3.903
3802,Switzerland,CHE,2013,4.025
3803,Switzerland,CHE,2014,4.114
3804,Switzerland,CHE,2015,4.189
3805,Switzerland,CHE,2016,4.248
3874,Thailand,THA,1960,0.129
3875,Thailand,THA,1965,0.14
3876,Thailand,THA,1970,0.121
3877,Thailand,THA,1975,0.11900000000000001
3878,Thailand,THA,1980,0.147
3879,Thailand,THA,1981,0.146
3880,Thailand,THA,1983,0.16
3881,Thailand,THA,1984,0.16
3882,Thailand,THA,1985,0.16899999999999998
3883,Thailand,THA,1986,0.182
3884,Thailand,THA,1987,0.18100000000000002
3885,Thailand,THA,1988,0.21
3886,Thailand,THA,1989,0.233
3887,Thailand,THA,1990,0.225
3888,Thailand,THA,1991,0.22399999999999998
3889,Thailand,THA,1992,0.23399999999999999
3890,Thailand,THA,1993,0.23399999999999999
3891,Thailand,THA,1994,0.23800000000000002
3892,Thailand,THA,1995,0.239
3893,Thailand,THA,1996,0.26899999999999996
3894,Thailand,THA,1997,0.27399999999999997
3895,Thailand,THA,1998,0.293
3896,Thailand,THA,1999,0.293
3897,Thailand,THA,2000,0.368
3898,Thailand,THA,2001,0.299
3899,Thailand,THA,2002,0.29600000000000004
3900,Thailand,THA,2003,0.27699999999999997
3901,Thailand,THA,2004,0.289
3902,Thailand,THA,2005,0.293
3903,Thailand,THA,2006,0.28600000000000003
3904,Thailand,THA,2007,0.295
3905,Thailand,THA,2008,0.317
3906,Thailand,THA,2009,0.34
3907,Thailand,THA,2010,0.39399999999999996
3908,Thailand,THA,2015,0.47
3999,Turkey,TUR,1960,0.3
4000,Turkey,TUR,1961,0.3
4001,Turkey,TUR,1962,0.4
4002,Turkey,TUR,1963,0.4
4003,Turkey,TUR,1964,0.3
4004,Turkey,TUR,1965,0.4
4005,Turkey,TUR,1966,0.4
4006,Turkey,TUR,1967,0.4
4007,Turkey,TUR,1968,0.4
4008,Turkey,TUR,1969,0.4
4009,Turkey,TUR,1970,0.4
4010,Turkey,TUR,1971,0.5
4011,Turkey,TUR,1972,0.5
4012,Turkey,TUR,1973,0.5
4013,Turkey,TUR,1974,0.5
4014,Turkey,TUR,1975,0.5
4015,Turkey,TUR,1976,0.6
4016,Turkey,TUR,1977,0.6
4017,Turkey,TUR,1978,0.6
4018,Turkey,TUR,1979,0.6
4019,Turkey,TUR,1980,0.6
4020,Turkey,TUR,1981,0.6
4021,Turkey,TUR,1982,0.7
4022,Turkey,TUR,1983,0.7
4023,Turkey,TUR,1984,0.7
4024,Turkey,TUR,1985,0.7
4025,Turkey,TUR,1986,0.7
4026,Turkey,TUR,1987,0.7
4027,Turkey,TUR,1988,0.8
4028,Turkey,TUR,1989,0.9
4029,Turkey,TUR,1990,0.938
4030,Turkey,TUR,1991,0.97
4031,Turkey,TUR,1992,1.021
4032,Turkey,TUR,1993,1.077
4033,Turkey,TUR,1994,1.143
4034,Turkey,TUR,1995,1.185
4035,Turkey,TUR,1996,1.193
4036,Turkey,TUR,1997,1.22
4037,Turkey,TUR,1998,1.261
4038,Turkey,TUR,1999,1.3159999999999998
4039,Turkey,TUR,2000,1.348
4040,Turkey,TUR,2001,1.399
4041,Turkey,TUR,2002,1.412
4042,Turkey,TUR,2003,1.43
4043,Turkey,TUR,2004,1.45
4044,Turkey,TUR,2005,1.486
4045,Turkey,TUR,2006,1.521
4046,Turkey,TUR,2007,1.5590000000000002
4047,Turkey,TUR,2008,1.609
4048,Turkey,TUR,2009,1.665
4049,Turkey,TUR,2010,1.7069999999999999
4050,Turkey,TUR,2011,1.714
4051,Turkey,TUR,2012,1.734
4052,Turkey,TUR,2013,1.755
4053,Turkey,TUR,2014,1.749
4123,United Arab Emirates,ARE,1970,0.909
4124,United Arab Emirates,ARE,1980,1.068
4125,United Arab Emirates,ARE,1984,0.953
4126,United Arab Emirates,ARE,2001,1.81
4127,United Arab Emirates,ARE,2005,1.55
4128,United Arab Emirates,ARE,2007,1.5330000000000001
4129,United Arab Emirates,ARE,2008,1.929
4130,United Arab Emirates,ARE,2009,1.558
4131,United Arab Emirates,ARE,2010,1.531
4132,United Arab Emirates,ARE,2014,1.558
4133,United Kingdom,GBR,1960,0.8
4134,United Kingdom,GBR,1961,0.9
4135,United Kingdom,GBR,1962,0.9
4136,United Kingdom,GBR,1963,0.9
4137,United Kingdom,GBR,1964,0.9
4138,United Kingdom,GBR,1965,0.9
4139,United Kingdom,GBR,1966,0.9
4140,United Kingdom,GBR,1967,0.9
4141,United Kingdom,GBR,1968,0.9
4142,United Kingdom,GBR,1969,0.9
4143,United Kingdom,GBR,1970,0.9
4144,United Kingdom,GBR,1971,1.0
4145,United Kingdom,GBR,1972,1.0
4146,United Kingdom,GBR,1973,1.1
4147,United Kingdom,GBR,1974,1.1
4148,United Kingdom,GBR,1975,1.1
4149,United Kingdom,GBR,1976,1.2
4150,United Kingdom,GBR,1977,1.2
4151,United Kingdom,GBR,1978,1.2
4152,United Kingdom,GBR,1979,1.3
4153,United Kingdom,GBR,1980,1.3
4154,United Kingdom,GBR,1981,1.3
4155,United Kingdom,GBR,1982,1.3
4156,United Kingdom,GBR,1983,1.4
4157,United Kingdom,GBR,1984,1.4
4158,United Kingdom,GBR,1985,1.4
4159,United Kingdom,GBR,1986,1.4
4160,United Kingdom,GBR,1987,1.5
4161,United Kingdom,GBR,1988,1.5
4162,United Kingdom,GBR,1989,1.5
4163,United Kingdom,GBR,1990,1.6
4164,United Kingdom,GBR,1991,1.6
4165,United Kingdom,GBR,1992,1.6
4166,United Kingdom,GBR,1993,1.7
4167,United Kingdom,GBR,1994,1.7
4168,United Kingdom,GBR,1995,1.7
4169,United Kingdom,GBR,1996,1.8
4170,United Kingdom,GBR,1997,2.294
4171,United Kingdom,GBR,1998,1.9
4172,United Kingdom,GBR,1999,1.9
4173,United Kingdom,GBR,2000,1.9
4174,United Kingdom,GBR,2001,2.0
4175,United Kingdom,GBR,2002,2.3
4176,United Kingdom,GBR,2003,2.2
4177,United Kingdom,GBR,2010,2.697
4178,United Kingdom,GBR,2011,2.745
4179,United Kingdom,GBR,2012,2.7569999999999997
4180,United Kingdom,GBR,2013,2.778
4181,United Kingdom,GBR,2014,2.806
4182,United Kingdom,GBR,2015,2.807
4183,United Kingdom,GBR,2016,2.825
4228,Uruguay,URY,1960,1.064
4229,Uruguay,URY,1965,1.136
4230,Uruguay,URY,1970,1.093
4231,Uruguay,URY,1975,1.111
4232,Uruguay,URY,1981,1.9969999999999999
4233,Uruguay,URY,1984,1.926
4234,Uruguay,URY,1985,1.9469999999999998
4235,Uruguay,URY,1990,3.68
4236,Uruguay,URY,1992,3.2260000000000004
4237,Uruguay,URY,1995,3.56
4238,Uruguay,URY,1996,3.7030000000000003
4239,Uruguay,URY,1999,3.745
4240,Uruguay,URY,2002,3.721
4241,Uruguay,URY,2007,4.181
4242,Uruguay,URY,2008,3.938
4243,Uruguay,URY,2010,3.736
4302,Vietnam,VNM,1980,0.24100000000000002
4303,Vietnam,VNM,1981,0.247
4304,Vietnam,VNM,1986,1.056
4305,Vietnam,VNM,1989,0.391
4306,Vietnam,VNM,1990,0.40399999999999997
4307,Vietnam,VNM,1991,0.40700000000000003
4308,Vietnam,VNM,1992,0.43700000000000006
4309,Vietnam,VNM,1997,0.569
4310,Vietnam,VNM,1998,0.48
4311,Vietnam,VNM,1999,0.515
4312,Vietnam,VNM,2001,0.522
4313,Vietnam,VNM,2002,0.5489999999999999
4314,Vietnam,VNM,2005,0.611
4315,Vietnam,VNM,2006,0.621
4316,Vietnam,VNM,2007,0.639
4317,Vietnam,VNM,2008,0.662
4318,Vietnam,VNM,2009,0.695
4319,Vietnam,VNM,2010,0.695
4320,Vietnam,VNM,2011,1.1520000000000001
4321,Vietnam,VNM,2012,0.816
4322,Vietnam,VNM,2013,1.18
4323,Vietnam,VNM,2014,0.777
4324,Vietnam,VNM,2015,0.79
4325,Vietnam,VNM,2016,0.821
